Workbook

Sheet README
B1: IDP Site Needs and Gap Tracker
B2: Self-directed practice project on SYNTHETIC data — not an operational deployment and not real household data
B4: What it does | C4: Takes household assessments collected with a KoboToolbox form and turns them into a site-management picture: one current record per household, what each household still needs, which sites fall below service reference values, which households need a visit this week, and draft quantities for technical review.
B5: Why it was built | C5: Shaped by supporting displaced families in school shelters in Rafah, where households were asked for the same information repeatedly without seeing what happened next. The design keeps one current record per household, shows what is still missing, and turns open issues into a visit list.
B6: Data flow | C6: 1) Assessment form (IDP_Household_Needs_Assessment_XLSForm.xlsx, English and Arabic) → 2) Kobo_Import: paste the Kobo export here → 3) Import_Index: finds the latest consented assessment of each household → 4) Households: the current register → 5) Needs_Gaps: need, assistance received since that assessment, unmet need → 6) Follow_Up_List and Dashboard.
B7: Errors are prevented at collection | C7: The form enforces the rules before a submission is accepted: the four age groups must add up to the household size; pregnant or breastfeeding women cannot exceed women aged 12–49; winter-clothing gaps cannot exceed the number of children or adults; household codes must follow HH-000; shelter types are filtered by site. The tracker therefore does not clean data after the fact.
B8: History is kept | C8: A re-verification visit is a new submission, not an overwrite. Import_Index keeps every submission and marks the latest consented one per household (latest assessment date; if two fall on the same day, the one lower in the export). Assistance counts toward the current gap only if dated on or after that latest assessment, so items already counted as owned at re-verification are not subtracted twice.
B9: Data protection by design | C9: No names, ID numbers or phone numbers are collected. Households are identified by the code on their household card. Consent is asked first; if declined, the form ends and nothing is registered. Protection referrals carry no narrative detail.
B10: Priority flags | C10: The priority score only orders households for follow-up review by the responsible officer. It is not an eligibility or selection decision.
B11: Infant feeding | C11: Infant formula is never calculated as a distribution item. A reported infant-feeding difficulty triggers a referral to a nutrition / IYCF partner; the Referrals sheet records the partner’s outcome after assessment.
B12: Reference values | C12: People per tap, people per latrine and litres per person per day are indicative values from Sphere WASH indicators, used for practice; verify against the current Sphere Handbook and cluster guidance before any real use.
B13: Test it with your own Kobo account | C13: Upload the XLSForm to KoboToolbox, deploy it and submit a few test assessments. In Data → Downloads choose XLS, "XML values and headers", and untick "Include groups in headers". In a COPY of this workbook, paste the whole export (headers included) at cell A1 of Kobo_Import. Field_Map shows whether every field was found; the register rebuilds from your submissions in any column order. Logs that refer to synthetic codes will no longer match, which is expected in a test copy.
B14: Capacity | C14: Kobo_Import: 300 submissions and 104 columns. Register: 150 households.
B15: Colour legend | C15: Blue text = entered or imported data and assumptions. Black text on grey = formulas (do not overwrite). Grey headers = calculation columns. Status cells use colour and a text label, never colour alone.
B16: Scenario date | C16: Days-open and days-since-assessment calculations use the scenario date in Settings (synthetic winter scenario).

Sheet Dashboard
B1: IDP Site Needs and Gap Dashboard
B2: Synthetic practice data — scenario date: | D2: =Settings!$B$5 -> 46053 | F2: =IF(COUNTIF(Field_Map!$C$5:$C$31,"Found")=27,"Import check: all form fields found","Import check: "&(27-COUNTIF(Field_Map!$C$5:$C$31,"Found"))&" field(s) not found – see Field_Map") -> Import check: all form fields found
B3: Key figures
B4: Households registered (consented) | C4: =COUNTIF(Households!$A$5:$A$154,"?*") -> 120
B5: Individuals | C5: =SUM(Households!$H$5:$H$154) -> 798
B6: Assessments submitted (incl. re-verification) | C6: =COUNTIF(Import_Index!$C$5:$C$304,"yes") -> 146
B7: Re-verification visits | C7: =COUNTIFS(Import_Index!$C$5:$C$304,"yes",Import_Index!$E$5:$E$304,"reverification") -> 26
B8: Consent declined (nothing registered) | C8: =COUNTIF(Import_Index!$C$5:$C$304,"no") -> 2
B9: Households with an unmet need | C9: =COUNTIF(Needs_Gaps!$AH$5:$AH$154,"Yes") -> 119
B10: Share of households with an unmet need | C10: =IF(C4=0,0,C9/C4) -> 0.99166667
B11: ="Households with gaps in "&Settings!$B$33&"+ item types" -> Households with gaps in 4+ item types | C11: =COUNTIF(Needs_Gaps!$AI$5:$AI$154,">="&Settings!$B$33) -> 81
B12: High-priority households (for review) | C12: =COUNTIF(Households!$X$5:$X$154,"High") -> 23
B13: Households on this week’s follow-up list | C13: =COUNTIF(Households!$AF$5:$AF$154,">0") -> 37
B14: Households due for re-verification | C14: =COUNTIF(Households!$Y$5:$Y$154,"Yes") -> 17
B15: IYCF referrals still to be made | C15: =COUNTIF(Households!$AB$5:$AB$154,"Referral needed") -> 2
B16: Open referrals | C16: =COUNTIF(Referrals!$G$5:$G$52,"Referred")+COUNTIF(Referrals!$G$5:$G$52,"Acknowledged") -> 26
B17: Overdue referrals | C17: =COUNTIF(Referrals!$K$5:$K$52,"Overdue") -> 9
B18: Open maintenance issues | C18: =COUNTIF(Maintenance_Log!$H$5:$H$40,"Open")+COUNTIF(Maintenance_Log!$H$5:$H$40,"In progress") -> 20
B19: Open safety-related issues | C19: =COUNTIFS(Maintenance_Log!$H$5:$H$40,"<>Resolved",Maintenance_Log!$F$5:$F$40,"Yes") -> 7
B20: Draft quantities, estimated cost (USD, illustrative) | C20: =BoQ_Draft!$G$17 -> 29517
B23: Assessed need and coverage by item (assistance since latest assessment)
B24: Item | C24: Unit | D24: Total need | E24: Unmet | F24: Covered | G24: Share of need met
B25: Blankets | C25: pcs | D25: =SUM(Needs_Gaps!$D$5:$D$154) -> 896 | E25: =SUM(Needs_Gaps!$F$5:$F$154) -> 571 | F25: =D25-E25 -> 325 | G25: =IF(D25=0,0,F25/D25) -> 0.36272321
B26: Mattresses | C26: pcs | D26: =SUM(Needs_Gaps!$G$5:$G$154) -> 370 | E26: =SUM(Needs_Gaps!$I$5:$I$154) -> 265 | F26: =D26-E26 -> 105 | G26: =IF(D26=0,0,F26/D26) -> 0.28378378
B27: Tarpaulins | C27: sheets | D27: =SUM(Needs_Gaps!$J$5:$J$154) -> 28 | E27: =SUM(Needs_Gaps!$L$5:$L$154) -> 21 | F27: =D27-E27 -> 7 | G27: =IF(D27=0,0,F27/D27) -> 0.25
B28: Tent replacement | C28: tents | D28: =SUM(Needs_Gaps!$M$5:$M$154) -> 9 | E28: =SUM(Needs_Gaps!$O$5:$O$154) -> 9 | F28: =D28-E28 -> 0 | G28: =IF(D28=0,0,F28/D28) -> 0
B29: Shelter repair kits | C29: kits | D29: =SUM(Needs_Gaps!$P$5:$P$154) -> 27 | E29: =SUM(Needs_Gaps!$R$5:$R$154) -> 17 | F29: =D29-E29 -> 10 | G29: =IF(D29=0,0,F29/D29) -> 0.37037037
B30: Winter clothing – children | C30: sets | D30: =SUM(Needs_Gaps!$S$5:$S$154) -> 286 | E30: =SUM(Needs_Gaps!$U$5:$U$154) -> 198 | F30: =D30-E30 -> 88 | G30: =IF(D30=0,0,F30/D30) -> 0.30769231
B31: Winter clothing – adults | C31: sets | D31: =SUM(Needs_Gaps!$V$5:$V$154) -> 123 | E31: =SUM(Needs_Gaps!$X$5:$X$154) -> 101 | F31: =D31-E31 -> 22 | G31: =IF(D31=0,0,F31/D31) -> 0.17886179
B32: Diapers | C32: packs/month | D32: =SUM(Needs_Gaps!$Y$5:$Y$154) -> 260 | E32: =SUM(Needs_Gaps!$AA$5:$AA$154) -> 182 | F32: =D32-E32 -> 78 | G32: =IF(D32=0,0,F32/D32) -> 0.3
B33: Family hygiene kits | C33: kits/month | D33: =SUM(Needs_Gaps!$AB$5:$AB$154) -> 120 | E33: =SUM(Needs_Gaps!$AD$5:$AD$154) -> 43 | F33: =D33-E33 -> 77 | G33: =IF(D33=0,0,F33/D33) -> 0.64166667
B34: Menstrual hygiene kits | C34: kits/month | D34: =SUM(Needs_Gaps!$AE$5:$AE$154) -> 192 | E34: =SUM(Needs_Gaps!$AG$5:$AG$154) -> 161 | F34: =D34-E34 -> 31 | G34: =IF(D34=0,0,F34/D34) -> 0.16145833
B37: Households by site
B38: Site | C38: Households | D38: Individuals | E38: With multiple gaps | F38: Share with multiple gaps | G38: High priority
B39: Site A – School Shelter | C39: =COUNTIF(Households!$B$5:$B$154,B39) -> 34 | D39: =SUMIF(Households!$B$5:$B$154,B39,Households!$H$5:$H$154) -> 222 | E39: =COUNTIFS(Needs_Gaps!$B$5:$B$154,B39,Needs_Gaps!$AI$5:$AI$154,">="&Settings!$B$33) -> 23 | F39: =IF(C39=0,0,E39/C39) -> 0.67647059 | G39: =COUNTIFS(Households!$B$5:$B$154,B39,Households!$X$5:$X$154,"High") -> 6
B40: Site B – School Shelter | C40: =COUNTIF(Households!$B$5:$B$154,B40) -> 30 | D40: =SUMIF(Households!$B$5:$B$154,B40,Households!$H$5:$H$154) -> 202 | E40: =COUNTIFS(Needs_Gaps!$B$5:$B$154,B40,Needs_Gaps!$AI$5:$AI$154,">="&Settings!$B$33) -> 10 | F40: =IF(C40=0,0,E40/C40) -> 0.33333333 | G40: =COUNTIFS(Households!$B$5:$B$154,B40,Households!$X$5:$X$154,"High") -> 3
B41: Site C – Informal Tent Area | C41: =COUNTIF(Households!$B$5:$B$154,B41) -> 36 | D41: =SUMIF(Households!$B$5:$B$154,B41,Households!$H$5:$H$154) -> 258 | E41: =COUNTIFS(Needs_Gaps!$B$5:$B$154,B41,Needs_Gaps!$AI$5:$AI$154,">="&Settings!$B$33) -> 32 | F41: =IF(C41=0,0,E41/C41) -> 0.88888889 | G41: =COUNTIFS(Households!$B$5:$B$154,B41,Households!$X$5:$X$154,"High") -> 9
B42: Site D – Collective Centre | C42: =COUNTIF(Households!$B$5:$B$154,B42) -> 20 | D42: =SUMIF(Households!$B$5:$B$154,B42,Households!$H$5:$H$154) -> 116 | E42: =COUNTIFS(Needs_Gaps!$B$5:$B$154,B42,Needs_Gaps!$AI$5:$AI$154,">="&Settings!$B$33) -> 16 | F42: =IF(C42=0,0,E42/C42) -> 0.8 | G42: =COUNTIFS(Households!$B$5:$B$154,B42,Households!$X$5:$X$154,"High") -> 5
B45: Follow-up reasons this week (households; one household can have several)
B46: Reason | C46: Households
B47: Overdue referral | C47: =COUNTIF(Households!$AA$5:$AA$154,">0") -> 9
B48: IYCF referral still to be made | C48: =COUNTIF(Households!$AB$5:$AB$154,"Referral needed") -> 2
B49: Tent replacement pending | C49: =COUNTIF(Households!$AC$5:$AC$154,"Yes") -> 9
B50: Household shelter repair open | C50: =COUNTIF(Households!$AD$5:$AD$154,"Yes") -> 2
B51: Re-verification due | C51: =COUNTIF(Households!$Y$5:$Y$154,"Yes") -> 17
B54: Referrals by service
B55: Service | C55: Total | D55: Open | E55: Overdue
B56: Nutrition / IYCF | C56: =COUNTIF(Referrals!$D$5:$D$52,B56) -> 11 | D56: =COUNTIFS(Referrals!$D$5:$D$52,B56,Referrals!$G$5:$G$52,"Referred")+COUNTIFS(Referrals!$D$5:$D$52,B56,Referrals!$G$5:$G$52,"Acknowledged") -> 6 | E56: =COUNTIFS(Referrals!$D$5:$D$52,B56,Referrals!$K$5:$K$52,"Overdue") -> 4
B57: Health | C57: =COUNTIF(Referrals!$D$5:$D$52,B57) -> 7 | D57: =COUNTIFS(Referrals!$D$5:$D$52,B57,Referrals!$G$5:$G$52,"Referred")+COUNTIFS(Referrals!$D$5:$D$52,B57,Referrals!$G$5:$G$52,"Acknowledged") -> 2 | E57: =COUNTIFS(Referrals!$D$5:$D$52,B57,Referrals!$K$5:$K$52,"Overdue") -> 1
B58: Disability services | C58: =COUNTIF(Referrals!$D$5:$D$52,B58) -> 15 | D58: =COUNTIFS(Referrals!$D$5:$D$52,B58,Referrals!$G$5:$G$52,"Referred")+COUNTIFS(Referrals!$D$5:$D$52,B58,Referrals!$G$5:$G$52,"Acknowledged") -> 9 | E58: =COUNTIFS(Referrals!$D$5:$D$52,B58,Referrals!$K$5:$K$52,"Overdue") -> 2
B59: Protection | C59: =COUNTIF(Referrals!$D$5:$D$52,B59) -> 6 | D59: =COUNTIFS(Referrals!$D$5:$D$52,B59,Referrals!$G$5:$G$52,"Referred")+COUNTIFS(Referrals!$D$5:$D$52,B59,Referrals!$G$5:$G$52,"Acknowledged") -> 4 | E59: =COUNTIFS(Referrals!$D$5:$D$52,B59,Referrals!$K$5:$K$52,"Overdue") -> 1
B60: Shelter / NFI | C60: =COUNTIF(Referrals!$D$5:$D$52,B60) -> 9 | D60: =COUNTIFS(Referrals!$D$5:$D$52,B60,Referrals!$G$5:$G$52,"Referred")+COUNTIFS(Referrals!$D$5:$D$52,B60,Referrals!$G$5:$G$52,"Acknowledged") -> 5 | E60: =COUNTIFS(Referrals!$D$5:$D$52,B60,Referrals!$K$5:$K$52,"Overdue") -> 1
B63: Nutrition / IYCF referrals: partner outcome (no formula is distributed by the site team)
B64: Outcome | C64: Referrals
B65: Assessment pending | C65: =COUNTIFS(Referrals!$D$5:$D$52,"Nutrition / IYCF",Referrals!$I$5:$I$52,B65) -> 6
B66: Breastfeeding support provided | C66: =COUNTIFS(Referrals!$D$5:$D$52,"Nutrition / IYCF",Referrals!$I$5:$I$52,B66) -> 3
B67: Infant formula provided by nutrition partner after assessment | C67: =COUNTIFS(Referrals!$D$5:$D$52,"Nutrition / IYCF",Referrals!$I$5:$I$52,B67) -> 2
B68: Referred to health facility | C68: =COUNTIFS(Referrals!$D$5:$D$52,"Nutrition / IYCF",Referrals!$I$5:$I$52,B68) -> 0
B71: Site services against indicative Sphere reference values
B72: Site | C72: People per tap | D72: Tap status | E72: People per latrine | F72: Latrine status | G72: Litres per person per day | H72: Water status
B73: =Site_Profile!A5 -> Site A – School Shelter | C73: =Site_Profile!M5 -> 74 | D73: =Site_Profile!N5 -> Meets reference | E73: =Site_Profile!O5 -> 24.666667 | F73: =Site_Profile!P5 -> Below reference | G73: =Site_Profile!Q5 -> 13.513514 | H73: =Site_Profile!R5 -> Below reference
B74: =Site_Profile!A6 -> Site B – School Shelter | C74: =Site_Profile!M6 -> 101 | D74: =Site_Profile!N6 -> Meets reference | E74: =Site_Profile!O6 -> 16.833333 | F74: =Site_Profile!P6 -> Meets reference | G74: =Site_Profile!Q6 -> 17.821782 | H74: =Site_Profile!R6 -> Meets reference
B75: =Site_Profile!A7 -> Site C – Informal Tent Area | C75: =Site_Profile!M7 -> 258 | D75: =Site_Profile!N7 -> Below reference | E75: =Site_Profile!O7 -> 43 | F75: =Site_Profile!P7 -> Below reference | G75: =Site_Profile!Q7 -> 7.751938 | H75: =Site_Profile!R7 -> Below reference
B76: =Site_Profile!A8 -> Site D – Collective Centre | C76: =Site_Profile!M8 -> 58 | D76: =Site_Profile!N8 -> Meets reference | E76: =Site_Profile!O8 -> 23.2 | F76: =Site_Profile!P8 -> Below reference | G76: =Site_Profile!Q8 -> 20.689655 | H76: =Site_Profile!R8 -> Meets reference
B79: Households by priority band (order for follow-up review, not eligibility)
B80: Band | C80: Households
B81: High | C81: =COUNTIF(Households!$X$5:$X$154,B81) -> 23
B82: Medium | C82: =COUNTIF(Households!$X$5:$X$154,B82) -> 48
B83: Low | C83: =COUNTIF(Households!$X$5:$X$154,B83) -> 49

Sheet Follow_Up_List
A1: Weekly follow-up visit list | F1: Households to visit: | G1: =COUNTIF(Households!$AF$5:$AF$154,">0") -> 37 | I1: Week of: | J1: =Settings!$B$5 -> 46053
A2: Households with at least one open issue, ordered by number of reasons, then priority score, then code. A visit that updates the household is recorded as a re-verification submission in Kobo.
A4: # | B4: HH code | C4: Site | D4: Shelter | E4: Priority band | F4: Reasons | G4: Overdue referrals | H4: IYCF referral | I4: Tent replacement pending | J4: Shelter repair open | K4: Re-verification due | L4: Suggested actions for the visit | M4: Sort key | N4: Register row
A5: =IF(ROW()-4<=$G$1,ROW()-4,"") -> 1 | B5: =IF($A5="","",INDEX(Households!$A$5:$A$154,$N5)) -> HH-098 | C5: =IF($A5="","",INDEX(Households!$B$5:$B$154,$N5)) -> Site C – Informal Tent Area | D5: =IF($A5="","",INDEX(Households!$C$5:$C$154,$N5)&" – "&INDEX(Households!$D$5:$D$154,$N5)) -> Tent – Adequate | E5: =IF($A5="","",INDEX(Households!$X$5:$X$154,$N5)) -> High | F5: =IF($A5="","",INDEX(Households!$AE$5:$AE$154,$N5)) -> 2 | G5: =IF($A5="","",IF(INDEX(Households!$AA$5:$AA$154,$N5)>0,INDEX(Households!$AA$5:$AA$154,$N5),"")) -> 1 | H5: =IF($A5="","",IF(INDEX(Households!$AB$5:$AB$154,$N5)="Referral needed","Referral needed","")) | I5: =IF($A5="","",INDEX(Households!$AC$5:$AC$154,$N5)) | J5: =IF($A5="","",INDEX(Households!$AD$5:$AD$154,$N5)) | K5: =IF($A5="","",INDEX(Households!$Y$5:$Y$154,$N5)) -> Yes | L5: =IF($A5="","",SUBSTITUTE(IF(N(G5)>0,"Chase overdue referral with the service provider; ","")&IF(H5="Referral needed","Make the IYCF referral to the nutrition partner; ","")&IF(I5="Yes","Confirm tent replacement with the shelter partner; ","")&IF(J5="Yes","Check the household shelter repair; ","")&IF(K5="Yes","Re-verify the household (new Kobo submission); ","")&"|","; |","")) -> Chase overdue referral with the service provider; Re-verify the household (new Kobo submission) | M5: =IF($A5="","",LARGE(Households!$AF$5:$AF$154,$A5)) -> 205902 | N5: =IF($A5="","",MATCH($M5,Households!$AF$5:$AF$154,0)) -> 98
A6: =IF(ROW()-4<=$G$1,ROW()-4,"") -> 2 | B6: =IF($A6="","",INDEX(Households!$A$5:$A$154,$N6)) -> HH-099 | C6: =IF($A6="","",INDEX(Households!$B$5:$B$154,$N6)) -> Site C – Informal Tent Area | D6: =IF($A6="","",INDEX(Households!$C$5:$C$154,$N6)&" – "&INDEX(Households!$D$5:$D$154,$N6)) -> Tent – Unusable | E6: =IF($A6="","",INDEX(Households!$X$5:$X$154,$N6)) -> Medium | F6: =IF($A6="","",INDEX(Households!$AE$5:$AE$154,$N6)) -> 2 | G6: =IF($A6="","",IF(INDEX(Households!$AA$5:$AA$154,$N6)>0,INDEX(Households!$AA$5:$AA$154,$N6),"")) -> 1 | H6: =IF($A6="","",IF(INDEX(Households!$AB$5:$AB$154,$N6)="Referral needed","Referral needed","")) | I6: =IF($A6="","",INDEX(Households!$AC$5:$AC$154,$N6)) -> Yes | J6: =IF($A6="","",INDEX(Households!$AD$5:$AD$154,$N6)) | K6: =IF($A6="","",INDEX(Households!$Y$5:$Y$154,$N6)) | L6: =IF($A6="","",SUBSTITUTE(IF(N(G6)>0,"Chase overdue referral with the service provider; ","")&IF(H6="Referral needed","Make the IYCF referral to the nutrition partner; ","")&IF(I6="Yes","Confirm tent replacement with the shelter partner; ","")&IF(J6="Yes","Check the household shelter repair; ","")&IF(K6="Yes","Re-verify the household (new Kobo submission); ","")&"|","; |","")) -> Chase overdue referral with the service provider; Confirm tent replacement with the shelter partner | M6: =IF($A6="","",LARGE(Households!$AF$5:$AF$154,$A6)) -> 203901 | N6: =IF($A6="","",MATCH($M6,Households!$AF$5:$AF$154,0)) -> 99
A7: =IF(ROW()-4<=$G$1,ROW()-4,"") -> 3 | B7: =IF($A7="","",INDEX(Households!$A$5:$A$154,$N7)) -> HH-072 | C7: =IF($A7="","",INDEX(Households!$B$5:$B$154,$N7)) -> Site C – Informal Tent Area | D7: =IF($A7="","",INDEX(Households!$C$5:$C$154,$N7)&" – "&INDEX(Households!$D$5:$D$154,$N7)) -> Tent – Unusable | E7: =IF($A7="","",INDEX(Households!$X$5:$X$154,$N7)) -> High | F7: =IF($A7="","",INDEX(Households!$AE$5:$AE$154,$N7)) -> 1 | G7: =IF($A7="","",IF(INDEX(Households!$AA$5:$AA$154,$N7)>0,INDEX(Households!$AA$5:$AA$154,$N7),"")) | H7: =IF($A7="","",IF(INDEX(Households!$AB$5:$AB$154,$N7)="Referral needed","Referral needed","")) | I7: =IF($A7="","",INDEX(Households!$AC$5:$AC$154,$N7)) -> Yes | J7: =IF($A7="","",INDEX(Households!$AD$5:$AD$154,$N7)) | K7: =IF($A7="","",INDEX(Households!$Y$5:$Y$154,$N7)) | L7: =IF($A7="","",SUBSTITUTE(IF(N(G7)>0,"Chase overdue referral with the service provider; ","")&IF(H7="Referral needed","Make the IYCF referral to the nutrition partner; ","")&IF(I7="Yes","Confirm tent replacement with the shelter partner; ","")&IF(J7="Yes","Check the household shelter repair; ","")&IF(K7="Yes","Re-verify the household (new Kobo submission); ","")&"|","; |","")) -> Confirm tent replacement with the shelter partner | M7: =IF($A7="","",LARGE(Households!$AF$5:$AF$154,$A7)) -> 108928 | N7: =IF($A7="","",MATCH($M7,Households!$AF$5:$AF$154,0)) -> 72
A8: =IF(ROW()-4<=$G$1,ROW()-4,"") -> 4 | B8: =IF($A8="","",INDEX(Households!$A$5:$A$154,$N8)) -> HH-095 | C8: =IF($A8="","",INDEX(Households!$B$5:$B$154,$N8)) -> Site C – Informal Tent Area | D8: =IF($A8="","",INDEX(Households!$C$5:$C$154,$N8)&" – "&INDEX(Households!$D$5:$D$154,$N8)) -> Tent – Unusable | E8: =IF($A8="","",INDEX(Households!$X$5:$X$154,$N8)) -> High | F8: =IF($A8="","",INDEX(Households!$AE$5:$AE$154,$N8)) -> 1 | G8: =IF($A8="","",IF(INDEX(Households!$AA$5:$AA$154,$N8)>0,INDEX(Households!$AA$5:$AA$154,$N8),"")) | H8: =IF($A8="","",IF(INDEX(Households!$AB$5:$AB$154,$N8)="Referral needed","Referral needed","")) | I8: =IF($A8="","",INDEX(Households!$AC$5:$AC$154,$N8)) -> Yes | J8: =IF($A8="","",INDEX(Households!$AD$5:$AD$154,$N8)) | K8: =IF($A8="","",INDEX(Households!$Y$5:$Y$154,$N8)) | L8: =IF($A8="","",SUBSTITUTE(IF(N(G8)>0,"Chase overdue referral with the service provider; ","")&IF(H8="Referral needed","Make the IYCF referral to the nutrition partner; ","")&IF(I8="Yes","Confirm tent replacement with the shelter partner; ","")&IF(J8="Yes","Check the household shelter repair; ","")&IF(K8="Yes","Re-verify the household (new Kobo submission); ","")&"|","; |","")) -> Confirm tent replacement with the shelter partner | M8: =IF($A8="","",LARGE(Households!$AF$5:$AF$154,$A8)) -> 108905 | N8: =IF($A8="","",MATCH($M8,Households!$AF$5:$AF$154,0)) -> 95
A9: =IF(ROW()-4<=$G$1,ROW()-4,"") -> 5 | B9: =IF($A9="","",INDEX(Households!$A$5:$A$154,$N9)) -> HH-029 | C9: =IF($A9="","",INDEX(Households!$B$5:$B$154,$N9)) -> Site A – School Shelter | D9: =IF($A9="","",INDEX(Households!$C$5:$C$154,$N9)&" – "&INDEX(Households!$D$5:$D$154,$N9)) -> Classroom – Damaged | E9: =IF($A9="","",INDEX(Households!$X$5:$X$154,$N9)) -> High | F9: =IF($A9="","",INDEX(Households!$AE$5:$AE$154,$N9)) -> 1 | G9: =IF($A9="","",IF(INDEX(Households!$AA$5:$AA$154,$N9)>0,INDEX(Households!$AA$5:$AA$154,$N9),"")) | H9: =IF($A9="","",IF(INDEX(Households!$AB$5:$AB$154,$N9)="Referral needed","Referral needed","")) | I9: =IF($A9="","",INDEX(Households!$AC$5:$AC$154,$N9)) | J9: =IF($A9="","",INDEX(Households!$AD$5:$AD$154,$N9)) | K9: =IF($A9="","",INDEX(Households!$Y$5:$Y$154,$N9)) -> Yes | L9: =IF($A9="","",SUBSTITUTE(IF(N(G9)>0,"Chase overdue referral with the service provider; ","")&IF(H9="Referral needed","Make the IYCF referral to the nutrition partner; ","")&IF(I9="Yes","Confirm tent replacement with the shelter partner; ","")&IF(J9="Yes","Check the household shelter repair; ","")&IF(K9="Yes","Re-verify the household (new Kobo submission); ","")&"|","; |","")) -> Re-verify the household (new Kobo submission) | M9: =IF($A9="","",LARGE(Households!$AF$5:$AF$154,$A9)) -> 107971 | N9: =IF($A9="","",MATCH($M9,Households!$AF$5:$AF$154,0)) -> 29
A10: =IF(ROW()-4<=$G$1,ROW()-4,"") -> 6 | B10: =IF($A10="","",INDEX(Households!$A$5:$A$154,$N10)) -> HH-070 | C10: =IF($A10="","",INDEX(Households!$B$5:$B$154,$N10)) -> Site C – Informal Tent Area | D10: =IF($A10="","",INDEX(Households!$C$5:$C$154,$N10)&" – "&INDEX(Households!$D$5:$D$154,$N10)) -> Makeshift shelter – Unusable | E10: =IF($A10="","",INDEX(Households!$X$5:$X$154,$N10)) -> High | F10: =IF($A10="","",INDEX(Households!$AE$5:$AE$154,$N10)) -> 1 | G10: =IF($A10="","",IF(INDEX(Households!$AA$5:$AA$154,$N10)>0,INDEX(Households!$AA$5:$AA$154,$N10),"")) | H10: =IF($A10="","",IF(INDEX(Households!$AB$5:$AB$154,$N10)="Referral needed","Referral needed","")) | I10: =IF($A10="","",INDEX(Households!$AC$5:$AC$154,$N10)) -> Yes | J10: =IF($A10="","",INDEX(Households!$AD$5:$AD$154,$N10)) | K10: =IF($A10="","",INDEX(Households!$Y$5:$Y$154,$N10)) | L10: =IF($A10="","",SUBSTITUTE(IF(N(G10)>0,"Chase overdue referral with the service provider; ","")&IF(H10="Referral needed","Make the IYCF referral to the nutrition partner; ","")&IF(I10="Yes","Confirm tent replacement with the shelter partner; ","")&IF(J10="Yes","Check the household shelter repair; ","")&IF(K10="Yes","Re-verify the household (new Kobo submission); ","")&"|","; |","")) -> Confirm tent replacement with the shelter partner | M10: =IF($A10="","",LARGE(Households!$AF$5:$AF$154,$A10)) -> 107930 | N10: =IF($A10="","",MATCH($M10,Households!$AF$5:$AF$154,0)) -> 70
A11: =IF(ROW()-4<=$G$1,ROW()-4,"") -> 7 | B11: =IF($A11="","",INDEX(Households!$A$5:$A$154,$N11)) -> HH-014 | C11: =IF($A11="","",INDEX(Households!$B$5:$B$154,$N11)) -> Site A – School Shelter | D11: =IF($A11="","",INDEX(Households!$C$5:$C$154,$N11)&" – "&INDEX(Households!$D$5:$D$154,$N11)) -> Classroom – Adequate | E11: =IF($A11="","",INDEX(Households!$X$5:$X$154,$N11)) -> High | F11: =IF($A11="","",INDEX(Households!$AE$5:$AE$154,$N11)) -> 1 | G11: =IF($A11="","",IF(INDEX(Households!$AA$5:$AA$154,$N11)>0,INDEX(Households!$AA$5:$AA$154,$N11),"")) -> 1 | H11: =IF($A11="","",IF(INDEX(Households!$AB$5:$AB$154,$N11)="Referral needed","Referral needed","")) | I11: =IF($A11="","",INDEX(Households!$AC$5:$AC$154,$N11)) | J11: =IF($A11="","",INDEX(Households!$AD$5:$AD$154,$N11)) | K11: =IF($A11="","",INDEX(Households!$Y$5:$Y$154,$N11)) | L11: =IF($A11="","",SUBSTITUTE(IF(N(G11)>0,"Chase overdue referral with the service provider; ","")&IF(H11="Referral needed","Make the IYCF referral to the nutrition partner; ","")&IF(I11="Yes","Confirm tent replacement with the shelter partner; ","")&IF(J11="Yes","Check the household shelter repair; ","")&IF(K11="Yes","Re-verify the household (new Kobo submission); ","")&"|","; |","")) -> Chase overdue referral with the service provider | M11: =IF($A11="","",LARGE(Households!$AF$5:$AF$154,$A11)) -> 106986 | N11: =IF($A11="","",MATCH($M11,Households!$AF$5:$AF$154,0)) -> 14
A12: =IF(ROW()-4<=$G$1,ROW()-4,"") -> 8 | B12: =IF($A12="","",INDEX(Households!$A$5:$A$154,$N12)) -> HH-058 | C12: =IF($A12="","",INDEX(Households!$B$5:$B$154,$N12)) -> Site B – School Shelter | D12: =IF($A12="","",INDEX(Households!$C$5:$C$154,$N12)&" – "&INDEX(Households!$D$5:$D$154,$N12)) -> Classroom – Adequate | E12: =IF($A12="","",INDEX(Households!$X$5:$X$154,$N12)) -> High | F12: =IF($A12="","",INDEX(Households!$AE$5:$AE$154,$N12)) -> 1 | G12: =IF($A12="","",IF(INDEX(Households!$AA$5:$AA$154,$N12)>0,INDEX(Households!$AA$5:$AA$154,$N12),"")) | H12: =IF($A12="","",IF(INDEX(Households!$AB$5:$AB$154,$N12)="Referral needed","Referral needed","")) | I12: =IF($A12="","",INDEX(Households!$AC$5:$AC$154,$N12)) | J12: =IF($A12="","",INDEX(Households!$AD$5:$AD$154,$N12)) | K12: =IF($A12="","",INDEX(Households!$Y$5:$Y$154,$N12)) -> Yes | L12: =IF($A12="","",SUBSTITUTE(IF(N(G12)>0,"Chase overdue referral with the service provider; ","")&IF(H12="Referral needed","Make the IYCF referral to the nutrition partner; ","")&IF(I12="Yes","Confirm tent replacement with the shelter partner; ","")&IF(J12="Yes","Check the household shelter repair; ","")&IF(K12="Yes","Re-verify the household (new Kobo submission); ","")&"|","; |","")) -> Re-verify the household (new Kobo submission) | M12: =IF($A12="","",LARGE(Households!$AF$5:$AF$154,$A12)) -> 106942 | N12: =IF($A12="","",MATCH($M12,Households!$AF$5:$AF$154,0)) -> 58
A13: =IF(ROW()-4<=$G$1,ROW()-4,"") -> 9 | B13: =IF($A13="","",INDEX(Households!$A$5:$A$154,$N13)) -> HH-071 | C13: =IF($A13="","",INDEX(Households!$B$5:$B$154,$N13)) -> Site C – Informal Tent Area | D13: =IF($A13="","",INDEX(Households!$C$5:$C$154,$N13)&" – "&INDEX(Households!$D$5:$D$154,$N13)) -> Makeshift shelter – Damaged | E13: =IF($A13="","",INDEX(Households!$X$5:$X$154,$N13)) -> High | F13: =IF($A13="","",INDEX(Households!$AE$5:$AE$154,$N13)) -> 1 | G13: =IF($A13="","",IF(INDEX(Households!$AA$5:$AA$154,$N13)>0,INDEX(Households!$AA$5:$AA$154,$N13),"")) | H13: =IF($A13="","",IF(INDEX(Households!$AB$5:$AB$154,$N13)="Referral needed","Referral needed","")) | I13: =IF($A13="","",INDEX(Households!$AC$5:$AC$154,$N13)) | J13: =IF($A13="","",INDEX(Households!$AD$5:$AD$154,$N13)) -> Yes | K13: =IF($A13="","",INDEX(Households!$Y$5:$Y$154,$N13)) | L13: =IF($A13="","",SUBSTITUTE(IF(N(G13)>0,"Chase overdue referral with the service provider; ","")&IF(H13="Referral needed","Make the IYCF referral to the nutrition partner; ","")&IF(I13="Yes","Confirm tent replacement with the shelter partner; ","")&IF(J13="Yes","Check the household shelter repair; ","")&IF(K13="Yes","Re-verify the household (new Kobo submission); ","")&"|","; |","")) -> Check the household shelter repair | M13: =IF($A13="","",LARGE(Households!$AF$5:$AF$154,$A13)) -> 106929 | N13: =IF($A13="","",MATCH($M13,Households!$AF$5:$AF$154,0)) -> 71
A14: =IF(ROW()-4<=$G$1,ROW()-4,"") -> 10 | B14: =IF($A14="","",INDEX(Households!$A$5:$A$154,$N14)) -> HH-102 | C14: =IF($A14="","",INDEX(Households!$B$5:$B$154,$N14)) -> Site D – Collective Centre | D14: =IF($A14="","",INDEX(Households!$C$5:$C$154,$N14)&" – "&INDEX(Households!$D$5:$D$154,$N14)) -> Collective room – Damaged | E14: =IF($A14="","",INDEX(Households!$X$5:$X$154,$N14)) -> High | F14: =IF($A14="","",INDEX(Households!$AE$5:$AE$154,$N14)) -> 1 | G14: =IF($A14="","",IF(INDEX(Households!$AA$5:$AA$154,$N14)>0,INDEX(Households!$AA$5:$AA$154,$N14),"")) -> 1 | H14: =IF($A14="","",IF(INDEX(Households!$AB$5:$AB$154,$N14)="Referral needed","Referral needed","")) | I14: =IF($A14="","",INDEX(Households!$AC$5:$AC$154,$N14)) | J14: =IF($A14="","",INDEX(Households!$AD$5:$AD$154,$N14)) | K14: =IF($A14="","",INDEX(Households!$Y$5:$Y$154,$N14)) | L14: =IF($A14="","",SUBSTITUTE(IF(N(G14)>0,"Chase overdue referral with the service provider; ","")&IF(H14="Referral needed","Make the IYCF referral to the nutrition partner; ","")&IF(I14="Yes","Confirm tent replacement with the shelter partner; ","")&IF(J14="Yes","Check the household shelter repair; ","")&IF(K14="Yes","Re-verify the household (new Kobo submission); ","")&"|","; |","")) -> Chase overdue referral with the service provider | M14: =IF($A14="","",LARGE(Households!$AF$5:$AF$154,$A14)) -> 106898 | N14: =IF($A14="","",MATCH($M14,Households!$AF$5:$AF$154,0)) -> 102
A15: =IF(ROW()-4<=$G$1,ROW()-4,"") -> 11 | B15: =IF($A15="","",INDEX(Households!$A$5:$A$154,$N15)) -> HH-107 | C15: =IF($A15="","",INDEX(Households!$B$5:$B$154,$N15)) -> Site D – Collective Centre | D15: =IF($A15="","",INDEX(Households!$C$5:$C$154,$N15)&" – "&INDEX(Households!$D$5:$D$154,$N15)) -> Collective room – Adequate | E15: =IF($A15="","",INDEX(Households!$X$5:$X$154,$N15)) -> High | F15: =IF($A15="","",INDEX(Households!$AE$5:$AE$154,$N15)) -> 1 | G15: =IF($A15="","",IF(INDEX(Households!$AA$5:$AA$154,$N15)>0,INDEX(Households!$AA$5:$AA$154,$N15),"")) -> 1 | H15: =IF($A15="","",IF(INDEX(Households!$AB$5:$AB$154,$N15)="Referral needed","Referral needed","")) | I15: =IF($A15="","",INDEX(Households!$AC$5:$AC$154,$N15)) | J15: =IF($A15="","",INDEX(Households!$AD$5:$AD$154,$N15)) | K15: =IF($A15="","",INDEX(Households!$Y$5:$Y$154,$N15)) | L15: =IF($A15="","",SUBSTITUTE(IF(N(G15)>0,"Chase overdue referral with the service provider; ","")&IF(H15="Referral needed","Make the IYCF referral to the nutrition partner; ","")&IF(I15="Yes","Confirm tent replacement with the shelter partner; ","")&IF(J15="Yes","Check the household shelter repair; ","")&IF(K15="Yes","Re-verify the household (new Kobo submission); ","")&"|","; |","")) -> Chase overdue referral with the service provider | M15: =IF($A15="","",LARGE(Households!$AF$5:$AF$154,$A15)) -> 106893 | N15: =IF($A15="","",MATCH($M15,Households!$AF$5:$AF$154,0)) -> 107
A16: =IF(ROW()-4<=$G$1,ROW()-4,"") -> 12 | B16: =IF($A16="","",INDEX(Households!$A$5:$A$154,$N16)) -> HH-020 | C16: =IF($A16="","",INDEX(Households!$B$5:$B$154,$N16)) -> Site A – School Shelter | D16: =IF($A16="","",INDEX(Households!$C$5:$C$154,$N16)&" – "&INDEX(Households!$D$5:$D$154,$N16)) -> Classroom – Adequate | E16: =IF($A16="","",INDEX(Households!$X$5:$X$154,$N16)) -> High | F16: =IF($A16="","",INDEX(Households!$AE$5:$AE$154,$N16)) -> 1 | G16: =IF($A16="","",IF(INDEX(Households!$AA$5:$AA$154,$N16)>0,INDEX(Households!$AA$5:$AA$154,$N16),"")) | H16: =IF($A16="","",IF(INDEX(Households!$AB$5:$AB$154,$N16)="Referral needed","Referral needed","")) | I16: =IF($A16="","",INDEX(Households!$AC$5:$AC$154,$N16)) | J16: =IF($A16="","",INDEX(Households!$AD$5:$AD$154,$N16)) | K16: =IF($A16="","",INDEX(Households!$Y$5:$Y$154,$N16)) -> Yes | L16: =IF($A16="","",SUBSTITUTE(IF(N(G16)>0,"Chase overdue referral with the service provider; ","")&IF(H16="Referral needed","Make the IYCF referral to the nutrition partner; ","")&IF(I16="Yes","Confirm tent replacement with the shelter partner; ","")&IF(J16="Yes","Check the household shelter repair; ","")&IF(K16="Yes","Re-verify the household (new Kobo submission); ","")&"|","; |","")) -> Re-verify the household (new Kobo submission) | M16: =IF($A16="","",LARGE(Households!$AF$5:$AF$154,$A16)) -> 105980 | N16: =IF($A16="","",MATCH($M16,Households!$AF$5:$AF$154,0)) -> 20
... A154: =IF(ROW()-4<=$G$1,ROW()-4,"") | B154: =IF($A154="","",INDEX(Households!$A$5:$A$154,$N154)) | C154: =IF($A154="","",INDEX(Households!$B$5:$B$154,$N154)) | D154: =IF($A154="","",INDEX(Households!$C$5:$C$154,$N154)&" – "&INDEX(Households!$D$5:$D$154,$N154)) | E154: =IF($A154="","",INDEX(Households!$X$5:$X$154,$N154)) | F154: =IF($A154="","",INDEX(Households!$AE$5:$AE$154,$N154)) | G154: =IF($A154="","",IF(INDEX(Households!$AA$5:$AA$154,$N154)>0,INDEX(Households!$AA$5:$AA$154,$N154),"")) | H154: =IF($A154="","",IF(INDEX(Households!$AB$5:$AB$154,$N154)="Referral needed","Referral needed","")) | I154: =IF($A154="","",INDEX(Households!$AC$5:$AC$154,$N154)) | J154: =IF($A154="","",INDEX(Households!$AD$5:$AD$154,$N154)) | K154: =IF($A154="","",INDEX(Households!$Y$5:$Y$154,$N154)) | L154: =IF($A154="","",SUBSTITUTE(IF(N(G154)>0,"Chase overdue referral with the service provider; ","")&IF(H154="Referral needed","Make the IYCF referral to the nutrition partner; ","")&IF(I154="Yes","Confirm tent replacement with the shelter partner; ","")&IF(J154="Yes","Check the household shelter repair; ","")&IF(K154="Yes","Re-verify the household (new Kobo submission); ","")&"|","; |","")) | M154: =IF($A154="","",LARGE(Households!$AF$5:$AF$154,$A154)) | N154: =IF($A154="","",MATCH($M154,Households!$AF$5:$AF$154,0))

Sheet Households
A1: Household register — latest consented assessment per household
A2: Every cell is a formula reading Kobo_Import through Import_Index. Do not type here: a correction is a new submission (re-verification) in Kobo.
A4: HH code | B4: Site | C4: Shelter type | D4: Shelter condition | E4: Registration date | F4: Latest assessment | G4: Assessments | H4: Household size | I4: Female-headed | J4: Children under 2 | K4: Children 2–17 | L4: Adults 18–59 | M4: Older persons 60+ | N4: Women & girls 12–49 | O4: Pregnant / breast-feeding | P4: Persons with difficulties (WG domains) | Q4: Blankets owned | R4: Mattresses owned | S4: Children without winter clothes | T4: Adults without winter clothes | U4: Infant feeding difficulty | V4: Days since latest assessment | W4: Priority score | X4: Priority band (review) | Y4: Re-verification due | Z4: Open referrals | AA4: Overdue referrals | AB4: IYCF referral | AC4: Tent replacement pending | AD4: Shelter repair open | AE4: Follow-up reasons | AF4: Follow-up sort key | AG4: Source row in Kobo_Import
A5: =IF($AG5="","",IFERROR(INDEX(Kobo_Import!$A$2:$CZ$301,$AG5,Field_Map!$B$13)&"","")) -> HH-001 | B5: =IF($AG5="","",IF(IFERROR(INDEX(Kobo_Import!$A$2:$CZ$301,$AG5,Field_Map!$B$9)&"","")="","",IFERROR(INDEX(Lists!$N$5:$N$19,MATCH(INDEX(Kobo_Import!$A$2:$CZ$301,$AG5,Field_Map!$B$9)&"",Lists!$M$5:$M$19,0)),INDEX(Kobo_Import!$A$2:$CZ$301,$AG5,Field_Map!$B$9)&""))) -> Site A – School Shelter | C5: =IF($AG5="","",IF(IFERROR(INDEX(Kobo_Import!$A$2:$CZ$301,$AG5,Field_Map!$B$14)&"","")="","",IFERROR(INDEX(Lists!$N$5:$N$19,MATCH(INDEX(Kobo_Import!$A$2:$CZ$301,$AG5,Field_Map!$B$14)&"",Lists!$M$5:$M$19,0)),INDEX(Kobo_Import!$A$2:$CZ$301,$AG5,Field_Map!$B$14)&""))) -> Classroom | D5: =IF($AG5="","",IF(IFERROR(INDEX(Kobo_Import!$A$2:$CZ$301,$AG5,Field_Map!$B$15)&"","")="","",IFERROR(INDEX(Lists!$N$5:$N$19,MATCH(INDEX(Kobo_Import!$A$2:$CZ$301,$AG5,Field_Map!$B$15)&"",Lists!$M$5:$M$19,0)),INDEX(Kobo_Import!$A$2:$CZ$301,$AG5,Field_Map!$B$15)&""))) -> Adequate | E5: =IF($A5="","",IFERROR(INDEX(Import_Index!$D$5:$D$304,MATCH($A5&"|registration",Import_Index!$I$5:$I$304,0)),F5)) -> 46022 | F5: =IF($AG5="","",INDEX(Import_Index!$D$5:$D$304,$AG5)) -> 46022 | G5: =IF($A5="","",COUNTIFS(Import_Index!$B$5:$B$304,$A5,Import_Index!$C$5:$C$304,"yes")) -> 1 | H5: =IF($AG5="","",IFERROR(VALUE(INDEX(Kobo_Import!$A$2:$CZ$301,$AG5,Field_Map!$B$16)&""),0)) -> 8 | I5: =IF($AG5="","",IF(IFERROR(INDEX(Kobo_Import!$A$2:$CZ$301,$AG5,Field_Map!$B$17)&"","")="","",IFERROR(INDEX(Lists!$N$5:$N$19,MATCH(INDEX(Kobo_Import!$A$2:$CZ$301,$AG5,Field_Map!$B$17)&"",Lists!$M$5:$M$19,0)),INDEX(Kobo_Import!$A$2:$CZ$301,$AG5,Field_Map!$B$17)&""))) -> No | J5: =IF($AG5="","",IFERROR(VALUE(INDEX(Kobo_Import!$A$2:$CZ$301,$AG5,Field_Map!$B$18)&""),0)) -> 1 | K5: =IF($AG5="","",IFERROR(VALUE(INDEX(Kobo_Import!$A$2:$CZ$301,$AG5,Field_Map!$B$19)&""),0)) -> 5 | L5: =IF($AG5="","",IFERROR(VALUE(INDEX(Kobo_Import!$A$2:$CZ$301,$AG5,Field_Map!$B$20)&""),0)) -> 2 | M5: =IF($AG5="","",IFERROR(VALUE(INDEX(Kobo_Import!$A$2:$CZ$301,$AG5,Field_Map!$B$21)&""),0)) -> 0 | N5: =IF($AG5="","",IFERROR(VALUE(INDEX(Kobo_Import!$A$2:$CZ$301,$AG5,Field_Map!$B$22)&""),0)) -> 1 | O5: =IF($AG5="","",IFERROR(VALUE(INDEX(Kobo_Import!$A$2:$CZ$301,$AG5,Field_Map!$B$23)&""),0)) -> 1 | P5: =IF($AG5="","",IFERROR(VALUE(INDEX(Kobo_Import!$A$2:$CZ$301,$AG5,Field_Map!$B$24)&""),0)) -> 0 | Q5: =IF($AG5="","",IFERROR(VALUE(INDEX(Kobo_Import!$A$2:$CZ$301,$AG5,Field_Map!$B$25)&""),0)) -> 3 | R5: =IF($AG5="","",IFERROR(VALUE(INDEX(Kobo_Import!$A$2:$CZ$301,$AG5,Field_Map!$B$26)&""),0)) -> 1 | S5: =IF($AG5="","",IFERROR(VALUE(INDEX(Kobo_Import!$A$2:$CZ$301,$AG5,Field_Map!$B$27)&""),0)) -> 2 | T5: =IF($AG5="","",IFERROR(VALUE(INDEX(Kobo_Import!$A$2:$CZ$301,$AG5,Field_Map!$B$28)&""),0)) -> 1 | U5: =IF($AG5="","",IF(IFERROR(INDEX(Kobo_Import!$A$2:$CZ$301,$AG5,Field_Map!$B$29)&"","")="","",IFERROR(INDEX(Lists!$N$5:$N$19,MATCH(INDEX(Kobo_Import!$A$2:$CZ$301,$AG5,Field_Map!$B$29)&"",Lists!$M$5:$M$19,0)),INDEX(Kobo_Import!$A$2:$CZ$301,$AG5,Field_Map!$B$29)&""))) -> Yes | V5: =IF($A5="","",Settings!$B$5-F5) -> 31 | W5: =IF($A5="","",(J5>0)*Settings!$B$22+(P5>0)*Settings!$B$23+(M5>0)*Settings!$B$24+(O5>0)*Settings!$B$25+(I5="Yes")*Settings!$B$26+(D5="Unusable")*Settings!$B$27+(D5="Damaged")*Settings!$B$28+(H5>=Settings!$B$30)*Settings!$B$29) -> 3 | X5: =IF($A5="","",IF(W5>=Settings!$B$31,"High",IF(W5>=Settings!$B$32,"Medium","Low"))) -> Medium | Y5: =IF($A5="","",IF(V5>Settings!$B$21,"Yes","")) -> Yes | Z5: =IF($A5="","",COUNTIFS(Referrals!$B$5:$B$52,$A5,Referrals!$G$5:$G$52,"Referred")+COUNTIFS(Referrals!$B$5:$B$52,$A5,Referrals!$G$5:$G$52,"Acknowledged")) -> 0 | AA5: =IF($A5="","",COUNTIFS(Referrals!$B$5:$B$52,$A5,Referrals!$K$5:$K$52,"Overdue")) -> 0 | AB5: =IF($A5="","",IF(AND(J5>0,U5="Yes"),IF(COUNTIFS(Referrals!$B$5:$B$52,$A5,Referrals!$D$5:$D$52,"Nutrition / IYCF")=0,"Referral needed","Referred"),"")) -> Referred | AC5: =IF($A5="","",IF(N(Needs_Gaps!O5)>0,"Yes","")) | AD5: =IF($A5="","",IF(COUNTIFS(Maintenance_Log!$C$5:$C$40,$A5,Maintenance_Log!$H$5:$H$40,"<>Resolved")>0,"Yes","")) | AE5: =IF($A5="","",(Y5="Yes")+(AA5>0)+(AB5="Referral needed")+(AC5="Yes")+(AD5="Yes")) -> 1 | AF5: =IF($A5="",0,IF(AE5>0,AE5*100000+W5*1000+(1000-(ROW()-4)),0)) -> 103999 | AG5: =IFERROR(MATCH(ROW()-4,Import_Index!$H$5:$H$304,0),"") -> 42
A6: =IF($AG6="","",IFERROR(INDEX(Kobo_Import!$A$2:$CZ$301,$AG6,Field_Map!$B$13)&"","")) -> HH-002 | B6: =IF($AG6="","",IF(IFERROR(INDEX(Kobo_Import!$A$2:$CZ$301,$AG6,Field_Map!$B$9)&"","")="","",IFERROR(INDEX(Lists!$N$5:$N$19,MATCH(INDEX(Kobo_Import!$A$2:$CZ$301,$AG6,Field_Map!$B$9)&"",Lists!$M$5:$M$19,0)),INDEX(Kobo_Import!$A$2:$CZ$301,$AG6,Field_Map!$B$9)&""))) -> Site A – School Shelter | C6: =IF($AG6="","",IF(IFERROR(INDEX(Kobo_Import!$A$2:$CZ$301,$AG6,Field_Map!$B$14)&"","")="","",IFERROR(INDEX(Lists!$N$5:$N$19,MATCH(INDEX(Kobo_Import!$A$2:$CZ$301,$AG6,Field_Map!$B$14)&"",Lists!$M$5:$M$19,0)),INDEX(Kobo_Import!$A$2:$CZ$301,$AG6,Field_Map!$B$14)&""))) -> Classroom | D6: =IF($AG6="","",IF(IFERROR(INDEX(Kobo_Import!$A$2:$CZ$301,$AG6,Field_Map!$B$15)&"","")="","",IFERROR(INDEX(Lists!$N$5:$N$19,MATCH(INDEX(Kobo_Import!$A$2:$CZ$301,$AG6,Field_Map!$B$15)&"",Lists!$M$5:$M$19,0)),INDEX(Kobo_Import!$A$2:$CZ$301,$AG6,Field_Map!$B$15)&""))) -> Adequate | E6: =IF($A6="","",IFERROR(INDEX(Import_Index!$D$5:$D$304,MATCH($A6&"|registration",Import_Index!$I$5:$I$304,0)),F6)) -> 46049 | F6: =IF($AG6="","",INDEX(Import_Index!$D$5:$D$304,$AG6)) -> 46049 | G6: =IF($A6="","",COUNTIFS(Import_Index!$B$5:$B$304,$A6,Import_Index!$C$5:$C$304,"yes")) -> 1 | H6: =IF($AG6="","",IFERROR(VALUE(INDEX(Kobo_Import!$A$2:$CZ$301,$AG6,Field_Map!$B$16)&""),0)) -> 3 | I6: =IF($AG6="","",IF(IFERROR(INDEX(Kobo_Import!$A$2:$CZ$301,$AG6,Field_Map!$B$17)&"","")="","",IFERROR(INDEX(Lists!$N$5:$N$19,MATCH(INDEX(Kobo_Import!$A$2:$CZ$301,$AG6,Field_Map!$B$17)&"",Lists!$M$5:$M$19,0)),INDEX(Kobo_Import!$A$2:$CZ$301,$AG6,Field_Map!$B$17)&""))) -> Yes | J6: =IF($AG6="","",IFERROR(VALUE(INDEX(Kobo_Import!$A$2:$CZ$301,$AG6,Field_Map!$B$18)&""),0)) -> 0 | K6: =IF($AG6="","",IFERROR(VALUE(INDEX(Kobo_Import!$A$2:$CZ$301,$AG6,Field_Map!$B$19)&""),0)) -> 1 | L6: =IF($AG6="","",IFERROR(VALUE(INDEX(Kobo_Import!$A$2:$CZ$301,$AG6,Field_Map!$B$20)&""),0)) -> 2 | M6: =IF($AG6="","",IFERROR(VALUE(INDEX(Kobo_Import!$A$2:$CZ$301,$AG6,Field_Map!$B$21)&""),0)) -> 0 | N6: =IF($AG6="","",IFERROR(VALUE(INDEX(Kobo_Import!$A$2:$CZ$301,$AG6,Field_Map!$B$22)&""),0)) -> 2 | O6: =IF($AG6="","",IFERROR(VALUE(INDEX(Kobo_Import!$A$2:$CZ$301,$AG6,Field_Map!$B$23)&""),0)) -> 0 | P6: =IF($AG6="","",IFERROR(VALUE(INDEX(Kobo_Import!$A$2:$CZ$301,$AG6,Field_Map!$B$24)&""),0)) -> 0 | Q6: =IF($AG6="","",IFERROR(VALUE(INDEX(Kobo_Import!$A$2:$CZ$301,$AG6,Field_Map!$B$25)&""),0)) -> 5 | R6: =IF($AG6="","",IFERROR(VALUE(INDEX(Kobo_Import!$A$2:$CZ$301,$AG6,Field_Map!$B$26)&""),0)) -> 3 | S6: =IF($AG6="","",IFERROR(VALUE(INDEX(Kobo_Import!$A$2:$CZ$301,$AG6,Field_Map!$B$27)&""),0)) -> 0 | T6: =IF($AG6="","",IFERROR(VALUE(INDEX(Kobo_Import!$A$2:$CZ$301,$AG6,Field_Map!$B$28)&""),0)) -> 1 | U6: =IF($AG6="","",IF(IFERROR(INDEX(Kobo_Import!$A$2:$CZ$301,$AG6,Field_Map!$B$29)&"","")="","",IFERROR(INDEX(Lists!$N$5:$N$19,MATCH(INDEX(Kobo_Import!$A$2:$CZ$301,$AG6,Field_Map!$B$29)&"",Lists!$M$5:$M$19,0)),INDEX(Kobo_Import!$A$2:$CZ$301,$AG6,Field_Map!$B$29)&""))) | V6: =IF($A6="","",Settings!$B$5-F6) -> 4 | W6: =IF($A6="","",(J6>0)*Settings!$B$22+(P6>0)*Settings!$B$23+(M6>0)*Settings!$B$24+(O6>0)*Settings!$B$25+(I6="Yes")*Settings!$B$26+(D6="Unusable")*Settings!$B$27+(D6="Damaged")*Settings!$B$28+(H6>=Settings!$B$30)*Settings!$B$29) -> 1 | X6: =IF($A6="","",IF(W6>=Settings!$B$31,"High",IF(W6>=Settings!$B$32,"Medium","Low"))) -> Low | Y6: =IF($A6="","",IF(V6>Settings!$B$21,"Yes","")) | Z6: =IF($A6="","",COUNTIFS(Referrals!$B$5:$B$52,$A6,Referrals!$G$5:$G$52,"Referred")+COUNTIFS(Referrals!$B$5:$B$52,$A6,Referrals!$G$5:$G$52,"Acknowledged")) -> 0 | AA6: =IF($A6="","",COUNTIFS(Referrals!$B$5:$B$52,$A6,Referrals!$K$5:$K$52,"Overdue")) -> 0 | AB6: =IF($A6="","",IF(AND(J6>0,U6="Yes"),IF(COUNTIFS(Referrals!$B$5:$B$52,$A6,Referrals!$D$5:$D$52,"Nutrition / IYCF")=0,"Referral needed","Referred"),"")) | AC6: =IF($A6="","",IF(N(Needs_Gaps!O6)>0,"Yes","")) | AD6: =IF($A6="","",IF(COUNTIFS(Maintenance_Log!$C$5:$C$40,$A6,Maintenance_Log!$H$5:$H$40,"<>Resolved")>0,"Yes","")) | AE6: =IF($A6="","",(Y6="Yes")+(AA6>0)+(AB6="Referral needed")+(AC6="Yes")+(AD6="Yes")) -> 0 | AF6: =IF($A6="",0,IF(AE6>0,AE6*100000+W6*1000+(1000-(ROW()-4)),0)) -> 0 | AG6: =IFERROR(MATCH(ROW()-4,Import_Index!$H$5:$H$304,0),"") -> 141
A7: =IF($AG7="","",IFERROR(INDEX(Kobo_Import!$A$2:$CZ$301,$AG7,Field_Map!$B$13)&"","")) -> HH-003 | B7: =IF($AG7="","",IF(IFERROR(INDEX(Kobo_Import!$A$2:$CZ$301,$AG7,Field_Map!$B$9)&"","")="","",IFERROR(INDEX(Lists!$N$5:$N$19,MATCH(INDEX(Kobo_Import!$A$2:$CZ$301,$AG7,Field_Map!$B$9)&"",Lists!$M$5:$M$19,0)),INDEX(Kobo_Import!$A$2:$CZ$301,$AG7,Field_Map!$B$9)&""))) -> Site A – School Shelter | C7: =IF($AG7="","",IF(IFERROR(INDEX(Kobo_Import!$A$2:$CZ$301,$AG7,Field_Map!$B$14)&"","")="","",IFERROR(INDEX(Lists!$N$5:$N$19,MATCH(INDEX(Kobo_Import!$A$2:$CZ$301,$AG7,Field_Map!$B$14)&"",Lists!$M$5:$M$19,0)),INDEX(Kobo_Import!$A$2:$CZ$301,$AG7,Field_Map!$B$14)&""))) -> Classroom | D7: =IF($AG7="","",IF(IFERROR(INDEX(Kobo_Import!$A$2:$CZ$301,$AG7,Field_Map!$B$15)&"","")="","",IFERROR(INDEX(Lists!$N$5:$N$19,MATCH(INDEX(Kobo_Import!$A$2:$CZ$301,$AG7,Field_Map!$B$15)&"",Lists!$M$5:$M$19,0)),INDEX(Kobo_Import!$A$2:$CZ$301,$AG7,Field_Map!$B$15)&""))) -> Adequate | E7: =IF($A7="","",IFERROR(INDEX(Import_Index!$D$5:$D$304,MATCH($A7&"|registration",Import_Index!$I$5:$I$304,0)),F7)) -> 46030 | F7: =IF($AG7="","",INDEX(Import_Index!$D$5:$D$304,$AG7)) -> 46030 | G7: =IF($A7="","",COUNTIFS(Import_Index!$B$5:$B$304,$A7,Import_Index!$C$5:$C$304,"yes")) -> 1 | H7: =IF($AG7="","",IFERROR(VALUE(INDEX(Kobo_Import!$A$2:$CZ$301,$AG7,Field_Map!$B$16)&""),0)) -> 8 | I7: =IF($AG7="","",IF(IFERROR(INDEX(Kobo_Import!$A$2:$CZ$301,$AG7,Field_Map!$B$17)&"","")="","",IFERROR(INDEX(Lists!$N$5:$N$19,MATCH(INDEX(Kobo_Import!$A$2:$CZ$301,$AG7,Field_Map!$B$17)&"",Lists!$M$5:$M$19,0)),INDEX(Kobo_Import!$A$2:$CZ$301,$AG7,Field_Map!$B$17)&""))) -> No | J7: =IF($AG7="","",IFERROR(VALUE(INDEX(Kobo_Import!$A$2:$CZ$301,$AG7,Field_Map!$B$18)&""),0)) -> 0 | K7: =IF($AG7="","",IFERROR(VALUE(INDEX(Kobo_Import!$A$2:$CZ$301,$AG7,Field_Map!$B$19)&""),0)) -> 6 | L7: =IF($AG7="","",IFERROR(VALUE(INDEX(Kobo_Import!$A$2:$CZ$301,$AG7,Field_Map!$B$20)&""),0)) -> 2 | M7: =IF($AG7="","",IFERROR(VALUE(INDEX(Kobo_Import!$A$2:$CZ$301,$AG7,Field_Map!$B$21)&""),0)) -> 0 | N7: =IF($AG7="","",IFERROR(VALUE(INDEX(Kobo_Import!$A$2:$CZ$301,$AG7,Field_Map!$B$22)&""),0)) -> 1 | O7: =IF($AG7="","",IFERROR(VALUE(INDEX(Kobo_Import!$A$2:$CZ$301,$AG7,Field_Map!$B$23)&""),0)) -> 0 | P7: =IF($AG7="","",IFERROR(VALUE(INDEX(Kobo_Import!$A$2:$CZ$301,$AG7,Field_Map!$B$24)&""),0)) -> 0 | Q7: =IF($AG7="","",IFERROR(VALUE(INDEX(Kobo_Import!$A$2:$CZ$301,$AG7,Field_Map!$B$25)&""),0)) -> 9 | R7: =IF($AG7="","",IFERROR(VALUE(INDEX(Kobo_Import!$A$2:$CZ$301,$AG7,Field_Map!$B$26)&""),0)) -> 2 | S7: =IF($AG7="","",IFERROR(VALUE(INDEX(Kobo_Import!$A$2:$CZ$301,$AG7,Field_Map!$B$27)&""),0)) -> 1 | T7: =IF($AG7="","",IFERROR(VALUE(INDEX(Kobo_Import!$A$2:$CZ$301,$AG7,Field_Map!$B$28)&""),0)) -> 0 | U7: =IF($AG7="","",IF(IFERROR(INDEX(Kobo_Import!$A$2:$CZ$301,$AG7,Field_Map!$B$29)&"","")="","",IFERROR(INDEX(Lists!$N$5:$N$19,MATCH(INDEX(Kobo_Import!$A$2:$CZ$301,$AG7,Field_Map!$B$29)&"",Lists!$M$5:$M$19,0)),INDEX(Kobo_Import!$A$2:$CZ$301,$AG7,Field_Map!$B$29)&""))) | V7: =IF($A7="","",Settings!$B$5-F7) -> 23 | W7: =IF($A7="","",(J7>0)*Settings!$B$22+(P7>0)*Settings!$B$23+(M7>0)*Settings!$B$24+(O7>0)*Settings!$B$25+(I7="Yes")*Settings!$B$26+(D7="Unusable")*Settings!$B$27+(D7="Damaged")*Settings!$B$28+(H7>=Settings!$B$30)*Settings!$B$29) -> 0 | X7: =IF($A7="","",IF(W7>=Settings!$B$31,"High",IF(W7>=Settings!$B$32,"Medium","Low"))) -> Low | Y7: =IF($A7="","",IF(V7>Settings!$B$21,"Yes","")) | Z7: =IF($A7="","",COUNTIFS(Referrals!$B$5:$B$52,$A7,Referrals!$G$5:$G$52,"Referred")+COUNTIFS(Referrals!$B$5:$B$52,$A7,Referrals!$G$5:$G$52,"Acknowledged")) -> 0 | AA7: =IF($A7="","",COUNTIFS(Referrals!$B$5:$B$52,$A7,Referrals!$K$5:$K$52,"Overdue")) -> 0 | AB7: =IF($A7="","",IF(AND(J7>0,U7="Yes"),IF(COUNTIFS(Referrals!$B$5:$B$52,$A7,Referrals!$D$5:$D$52,"Nutrition / IYCF")=0,"Referral needed","Referred"),"")) | AC7: =IF($A7="","",IF(N(Needs_Gaps!O7)>0,"Yes","")) | AD7: =IF($A7="","",IF(COUNTIFS(Maintenance_Log!$C$5:$C$40,$A7,Maintenance_Log!$H$5:$H$40,"<>Resolved")>0,"Yes","")) | AE7: =IF($A7="","",(Y7="Yes")+(AA7>0)+(AB7="Referral needed")+(AC7="Yes")+(AD7="Yes")) -> 0 | AF7: =IF($A7="",0,IF(AE7>0,AE7*100000+W7*1000+(1000-(ROW()-4)),0)) -> 0 | AG7: =IFERROR(MATCH(ROW()-4,Import_Index!$H$5:$H$304,0),"") -> 58
A8: =IF($AG8="","",IFERROR(INDEX(Kobo_Import!$A$2:$CZ$301,$AG8,Field_Map!$B$13)&"","")) -> HH-004 | B8: =IF($AG8="","",IF(IFERROR(INDEX(Kobo_Import!$A$2:$CZ$301,$AG8,Field_Map!$B$9)&"","")="","",IFERROR(INDEX(Lists!$N$5:$N$19,MATCH(INDEX(Kobo_Import!$A$2:$CZ$301,$AG8,Field_Map!$B$9)&"",Lists!$M$5:$M$19,0)),INDEX(Kobo_Import!$A$2:$CZ$301,$AG8,Field_Map!$B$9)&""))) -> Site A – School Shelter | C8: =IF($AG8="","",IF(IFERROR(INDEX(Kobo_Import!$A$2:$CZ$301,$AG8,Field_Map!$B$14)&"","")="","",IFERROR(INDEX(Lists!$N$5:$N$19,MATCH(INDEX(Kobo_Import!$A$2:$CZ$301,$AG8,Field_Map!$B$14)&"",Lists!$M$5:$M$19,0)),INDEX(Kobo_Import!$A$2:$CZ$301,$AG8,Field_Map!$B$14)&""))) -> Classroom | D8: =IF($AG8="","",IF(IFERROR(INDEX(Kobo_Import!$A$2:$CZ$301,$AG8,Field_Map!$B$15)&"","")="","",IFERROR(INDEX(Lists!$N$5:$N$19,MATCH(INDEX(Kobo_Import!$A$2:$CZ$301,$AG8,Field_Map!$B$15)&"",Lists!$M$5:$M$19,0)),INDEX(Kobo_Import!$A$2:$CZ$301,$AG8,Field_Map!$B$15)&""))) -> Adequate | E8: =IF($A8="","",IFERROR(INDEX(Import_Index!$D$5:$D$304,MATCH($A8&"|registration",Import_Index!$I$5:$I$304,0)),F8)) -> 46021 | F8: =IF($AG8="","",INDEX(Import_Index!$D$5:$D$304,$AG8)) -> 46034 | G8: =IF($A8="","",COUNTIFS(Import_Index!$B$5:$B$304,$A8,Import_Index!$C$5:$C$304,"yes")) -> 2 | H8: =IF($AG8="","",IFERROR(VALUE(INDEX(Kobo_Import!$A$2:$CZ$301,$AG8,Field_Map!$B$16)&""),0)) -> 7 | I8: =IF($AG8="","",IF(IFERROR(INDEX(Kobo_Import!$A$2:$CZ$301,$AG8,Field_Map!$B$17)&"","")="","",IFERROR(INDEX(Lists!$N$5:$N$19,MATCH(INDEX(Kobo_Import!$A$2:$CZ$301,$AG8,Field_Map!$B$17)&"",Lists!$M$5:$M$19,0)),INDEX(Kobo_Import!$A$2:$CZ$301,$AG8,Field_Map!$B$17)&""))) -> No | J8: =IF($AG8="","",IFERROR(VALUE(INDEX(Kobo_Import!$A$2:$CZ$301,$AG8,Field_Map!$B$18)&""),0)) -> 2 | K8: =IF($AG8="","",IFERROR(VALUE(INDEX(Kobo_Import!$A$2:$CZ$301,$AG8,Field_Map!$B$19)&""),0)) -> 3 | L8: =IF($AG8="","",IFERROR(VALUE(INDEX(Kobo_Import!$A$2:$CZ$301,$AG8,Field_Map!$B$20)&""),0)) -> 1 | M8: =IF($AG8="","",IFERROR(VALUE(INDEX(Kobo_Import!$A$2:$CZ$301,$AG8,Field_Map!$B$21)&""),0)) -> 1 | N8: =IF($AG8="","",IFERROR(VALUE(INDEX(Kobo_Import!$A$2:$CZ$301,$AG8,Field_Map!$B$22)&""),0)) -> 1 | O8: =IF($AG8="","",IFERROR(VALUE(INDEX(Kobo_Import!$A$2:$CZ$301,$AG8,Field_Map!$B$23)&""),0)) -> 1 | P8: =IF($AG8="","",IFERROR(VALUE(INDEX(Kobo_Import!$A$2:$CZ$301,$AG8,Field_Map!$B$24)&""),0)) -> 0 | Q8: =IF($AG8="","",IFERROR(VALUE(INDEX(Kobo_Import!$A$2:$CZ$301,$AG8,Field_Map!$B$25)&""),0)) -> 2 | R8: =IF($AG8="","",IFERROR(VALUE(INDEX(Kobo_Import!$A$2:$CZ$301,$AG8,Field_Map!$B$26)&""),0)) -> 3 | S8: =IF($AG8="","",IFERROR(VALUE(INDEX(Kobo_Import!$A$2:$CZ$301,$AG8,Field_Map!$B$27)&""),0)) -> 5 | T8: =IF($AG8="","",IFERROR(VALUE(INDEX(Kobo_Import!$A$2:$CZ$301,$AG8,Field_Map!$B$28)&""),0)) -> 0 | U8: =IF($AG8="","",IF(IFERROR(INDEX(Kobo_Import!$A$2:$CZ$301,$AG8,Field_Map!$B$29)&"","")="","",IFERROR(INDEX(Lists!$N$5:$N$19,MATCH(INDEX(Kobo_Import!$A$2:$CZ$301,$AG8,Field_Map!$B$29)&"",Lists!$M$5:$M$19,0)),INDEX(Kobo_Import!$A$2:$CZ$301,$AG8,Field_Map!$B$29)&""))) -> No | V8: =IF($A8="","",Settings!$B$5-F8) -> 19 | W8: =IF($A8="","",(J8>0)*Settings!$B$22+(P8>0)*Settings!$B$23+(M8>0)*Settings!$B$24+(O8>0)*Settings!$B$25+(I8="Yes")*Settings!$B$26+(D8="Unusable")*Settings!$B$27+(D8="Damaged")*Settings!$B$28+(H8>=Settings!$B$30)*Settings!$B$29) -> 4 | X8: =IF($A8="","",IF(W8>=Settings!$B$31,"High",IF(W8>=Settings!$B$32,"Medium","Low"))) -> Medium | Y8: =IF($A8="","",IF(V8>Settings!$B$21,"Yes","")) | Z8: =IF($A8="","",COUNTIFS(Referrals!$B$5:$B$52,$A8,Referrals!$G$5:$G$52,"Referred")+COUNTIFS(Referrals!$B$5:$B$52,$A8,Referrals!$G$5:$G$52,"Acknowledged")) -> 0 | AA8: =IF($A8="","",COUNTIFS(Referrals!$B$5:$B$52,$A8,Referrals!$K$5:$K$52,"Overdue")) -> 0 | AB8: =IF($A8="","",IF(AND(J8>0,U8="Yes"),IF(COUNTIFS(Referrals!$B$5:$B$52,$A8,Referrals!$D$5:$D$52,"Nutrition / IYCF")=0,"Referral needed","Referred"),"")) | AC8: =IF($A8="","",IF(N(Needs_Gaps!O8)>0,"Yes","")) | AD8: =IF($A8="","",IF(COUNTIFS(Maintenance_Log!$C$5:$C$40,$A8,Maintenance_Log!$H$5:$H$40,"<>Resolved")>0,"Yes","")) | AE8: =IF($A8="","",(Y8="Yes")+(AA8>0)+(AB8="Referral needed")+(AC8="Yes")+(AD8="Yes")) -> 0 | AF8: =IF($A8="",0,IF(AE8>0,AE8*100000+W8*1000+(1000-(ROW()-4)),0)) -> 0 | AG8: =IFERROR(MATCH(ROW()-4,Import_Index!$H$5:$H$304,0),"") -> 76
A9: =IF($AG9="","",IFERROR(INDEX(Kobo_Import!$A$2:$CZ$301,$AG9,Field_Map!$B$13)&"","")) -> HH-005 | B9: =IF($AG9="","",IF(IFERROR(INDEX(Kobo_Import!$A$2:$CZ$301,$AG9,Field_Map!$B$9)&"","")="","",IFERROR(INDEX(Lists!$N$5:$N$19,MATCH(INDEX(Kobo_Import!$A$2:$CZ$301,$AG9,Field_Map!$B$9)&"",Lists!$M$5:$M$19,0)),INDEX(Kobo_Import!$A$2:$CZ$301,$AG9,Field_Map!$B$9)&""))) -> Site A – School Shelter | C9: =IF($AG9="","",IF(IFERROR(INDEX(Kobo_Import!$A$2:$CZ$301,$AG9,Field_Map!$B$14)&"","")="","",IFERROR(INDEX(Lists!$N$5:$N$19,MATCH(INDEX(Kobo_Import!$A$2:$CZ$301,$AG9,Field_Map!$B$14)&"",Lists!$M$5:$M$19,0)),INDEX(Kobo_Import!$A$2:$CZ$301,$AG9,Field_Map!$B$14)&""))) -> Classroom | D9: =IF($AG9="","",IF(IFERROR(INDEX(Kobo_Import!$A$2:$CZ$301,$AG9,Field_Map!$B$15)&"","")="","",IFERROR(INDEX(Lists!$N$5:$N$19,MATCH(INDEX(Kobo_Import!$A$2:$CZ$301,$AG9,Field_Map!$B$15)&"",Lists!$M$5:$M$19,0)),INDEX(Kobo_Import!$A$2:$CZ$301,$AG9,Field_Map!$B$15)&""))) -> Adequate | E9: =IF($A9="","",IFERROR(INDEX(Import_Index!$D$5:$D$304,MATCH($A9&"|registration",Import_Index!$I$5:$I$304,0)),F9)) -> 46009 | F9: =IF($AG9="","",INDEX(Import_Index!$D$5:$D$304,$AG9)) -> 46045 | G9: =IF($A9="","",COUNTIFS(Import_Index!$B$5:$B$304,$A9,Import_Index!$C$5:$C$304,"yes")) -> 2 | H9: =IF($AG9="","",IFERROR(VALUE(INDEX(Kobo_Import!$A$2:$CZ$301,$AG9,Field_Map!$B$16)&""),0)) -> 7 | I9: =IF($AG9="","",IF(IFERROR(INDEX(Kobo_Import!$A$2:$CZ$301,$AG9,Field_Map!$B$17)&"","")="","",IFERROR(INDEX(Lists!$N$5:$N$19,MATCH(INDEX(Kobo_Import!$A$2:$CZ$301,$AG9,Field_Map!$B$17)&"",Lists!$M$5:$M$19,0)),INDEX(Kobo_Import!$A$2:$CZ$301,$AG9,Field_Map!$B$17)&""))) -> No | J9: =IF($AG9="","",IFERROR(VALUE(INDEX(Kobo_Import!$A$2:$CZ$301,$AG9,Field_Map!$B$18)&""),0)) -> 1 | K9: =IF($AG9="","",IFERROR(VALUE(INDEX(Kobo_Import!$A$2:$CZ$301,$AG9,Field_Map!$B$19)&""),0)) -> 4 | L9: =IF($AG9="","",IFERROR(VALUE(INDEX(Kobo_Import!$A$2:$CZ$301,$AG9,Field_Map!$B$20)&""),0)) -> 2 | M9: =IF($AG9="","",IFERROR(VALUE(INDEX(Kobo_Import!$A$2:$CZ$301,$AG9,Field_Map!$B$21)&""),0)) -> 0 | N9: =IF($AG9="","",IFERROR(VALUE(INDEX(Kobo_Import!$A$2:$CZ$301,$AG9,Field_Map!$B$22)&""),0)) -> 1 | O9: =IF($AG9="","",IFERROR(VALUE(INDEX(Kobo_Import!$A$2:$CZ$301,$AG9,Field_Map!$B$23)&""),0)) -> 1 | P9: =IF($AG9="","",IFERROR(VALUE(INDEX(Kobo_Import!$A$2:$CZ$301,$AG9,Field_Map!$B$24)&""),0)) -> 0 | Q9: =IF($AG9="","",IFERROR(VALUE(INDEX(Kobo_Import!$A$2:$CZ$301,$AG9,Field_Map!$B$25)&""),0)) -> 8 | R9: =IF($AG9="","",IFERROR(VALUE(INDEX(Kobo_Import!$A$2:$CZ$301,$AG9,Field_Map!$B$26)&""),0)) -> 4 | S9: =IF($AG9="","",IFERROR(VALUE(INDEX(Kobo_Import!$A$2:$CZ$301,$AG9,Field_Map!$B$27)&""),0)) -> 3 | T9: =IF($AG9="","",IFERROR(VALUE(INDEX(Kobo_Import!$A$2:$CZ$301,$AG9,Field_Map!$B$28)&""),0)) -> 0 | U9: =IF($AG9="","",IF(IFERROR(INDEX(Kobo_Import!$A$2:$CZ$301,$AG9,Field_Map!$B$29)&"","")="","",IFERROR(INDEX(Lists!$N$5:$N$19,MATCH(INDEX(Kobo_Import!$A$2:$CZ$301,$AG9,Field_Map!$B$29)&"",Lists!$M$5:$M$19,0)),INDEX(Kobo_Import!$A$2:$CZ$301,$AG9,Field_Map!$B$29)&""))) -> No | V9: =IF($A9="","",Settings!$B$5-F9) -> 8 | W9: =IF($A9="","",(J9>0)*Settings!$B$22+(P9>0)*Settings!$B$23+(M9>0)*Settings!$B$24+(O9>0)*Settings!$B$25+(I9="Yes")*Settings!$B$26+(D9="Unusable")*Settings!$B$27+(D9="Damaged")*Settings!$B$28+(H9>=Settings!$B$30)*Settings!$B$29) -> 3 | X9: =IF($A9="","",IF(W9>=Settings!$B$31,"High",IF(W9>=Settings!$B$32,"Medium","Low"))) -> Medium | Y9: =IF($A9="","",IF(V9>Settings!$B$21,"Yes","")) | Z9: =IF($A9="","",COUNTIFS(Referrals!$B$5:$B$52,$A9,Referrals!$G$5:$G$52,"Referred")+COUNTIFS(Referrals!$B$5:$B$52,$A9,Referrals!$G$5:$G$52,"Acknowledged")) -> 0 | AA9: =IF($A9="","",COUNTIFS(Referrals!$B$5:$B$52,$A9,Referrals!$K$5:$K$52,"Overdue")) -> 0 | AB9: =IF($A9="","",IF(AND(J9>0,U9="Yes"),IF(COUNTIFS(Referrals!$B$5:$B$52,$A9,Referrals!$D$5:$D$52,"Nutrition / IYCF")=0,"Referral needed","Referred"),"")) | AC9: =IF($A9="","",IF(N(Needs_Gaps!O9)>0,"Yes","")) | AD9: =IF($A9="","",IF(COUNTIFS(Maintenance_Log!$C$5:$C$40,$A9,Maintenance_Log!$H$5:$H$40,"<>Resolved")>0,"Yes","")) | AE9: =IF($A9="","",(Y9="Yes")+(AA9>0)+(AB9="Referral needed")+(AC9="Yes")+(AD9="Yes")) -> 0 | AF9: =IF($A9="",0,IF(AE9>0,AE9*100000+W9*1000+(1000-(ROW()-4)),0)) -> 0 | AG9: =IFERROR(MATCH(ROW()-4,Import_Index!$H$5:$H$304,0),"") -> 124
A10: =IF($AG10="","",IFERROR(INDEX(Kobo_Import!$A$2:$CZ$301,$AG10,Field_Map!$B$13)&"","")) -> HH-006 | B10: =IF($AG10="","",IF(IFERROR(INDEX(Kobo_Import!$A$2:$CZ$301,$AG10,Field_Map!$B$9)&"","")="","",IFERROR(INDEX(Lists!$N$5:$N$19,MATCH(INDEX(Kobo_Import!$A$2:$CZ$301,$AG10,Field_Map!$B$9)&"",Lists!$M$5:$M$19,0)),INDEX(Kobo_Import!$A$2:$CZ$301,$AG10,Field_Map!$B$9)&""))) -> Site A – School Shelter | C10: =IF($AG10="","",IF(IFERROR(INDEX(Kobo_Import!$A$2:$CZ$301,$AG10,Field_Map!$B$14)&"","")="","",IFERROR(INDEX(Lists!$N$5:$N$19,MATCH(INDEX(Kobo_Import!$A$2:$CZ$301,$AG10,Field_Map!$B$14)&"",Lists!$M$5:$M$19,0)),INDEX(Kobo_Import!$A$2:$CZ$301,$AG10,Field_Map!$B$14)&""))) -> Classroom | D10: =IF($AG10="","",IF(IFERROR(INDEX(Kobo_Import!$A$2:$CZ$301,$AG10,Field_Map!$B$15)&"","")="","",IFERROR(INDEX(Lists!$N$5:$N$19,MATCH(INDEX(Kobo_Import!$A$2:$CZ$301,$AG10,Field_Map!$B$15)&"",Lists!$M$5:$M$19,0)),INDEX(Kobo_Import!$A$2:$CZ$301,$AG10,Field_Map!$B$15)&""))) -> Adequate | E10: =IF($A10="","",IFERROR(INDEX(Import_Index!$D$5:$D$304,MATCH($A10&"|registration",Import_Index!$I$5:$I$304,0)),F10)) -> 46046 | F10: =IF($AG10="","",INDEX(Import_Index!$D$5:$D$304,$AG10)) -> 46046 | G10: =IF($A10="","",COUNTIFS(Import_Index!$B$5:$B$304,$A10,Import_Index!$C$5:$C$304,"yes")) -> 1 | H10: =IF($AG10="","",IFERROR(VALUE(INDEX(Kobo_Import!$A$2:$CZ$301,$AG10,Field_Map!$B$16)&""),0)) -> 11 | I10: =IF($AG10="","",IF(IFERROR(INDEX(Kobo_Import!$A$2:$CZ$301,$AG10,Field_Map!$B$17)&"","")="","",IFERROR(INDEX(Lists!$N$5:$N$19,MATCH(INDEX(Kobo_Import!$A$2:$CZ$301,$AG10,Field_Map!$B$17)&"",Lists!$M$5:$M$19,0)),INDEX(Kobo_Import!$A$2:$CZ$301,$AG10,Field_Map!$B$17)&""))) -> No | J10: =IF($AG10="","",IFERROR(VALUE(INDEX(Kobo_Import!$A$2:$CZ$301,$AG10,Field_Map!$B$18)&""),0)) -> 1 | K10: =IF($AG10="","",IFERROR(VALUE(INDEX(Kobo_Import!$A$2:$CZ$301,$AG10,Field_Map!$B$19)&""),0)) -> 8 | L10: =IF($AG10="","",IFERROR(VALUE(INDEX(Kobo_Import!$A$2:$CZ$301,$AG10,Field_Map!$B$20)&""),0)) -> 2 | M10: =IF($AG10="","",IFERROR(VALUE(INDEX(Kobo_Import!$A$2:$CZ$301,$AG10,Field_Map!$B$21)&""),0)) -> 0 | N10: =IF($AG10="","",IFERROR(VALUE(INDEX(Kobo_Import!$A$2:$CZ$301,$AG10,Field_Map!$B$22)&""),0)) -> 2 | O10: =IF($AG10="","",IFERROR(VALUE(INDEX(Kobo_Import!$A$2:$CZ$301,$AG10,Field_Map!$B$23)&""),0)) -> 1 | P10: =IF($AG10="","",IFERROR(VALUE(INDEX(Kobo_Import!$A$2:$CZ$301,$AG10,Field_Map!$B$24)&""),0)) -> 2 | Q10: =IF($AG10="","",IFERROR(VALUE(INDEX(Kobo_Import!$A$2:$CZ$301,$AG10,Field_Map!$B$25)&""),0)) -> 11 | R10: =IF($AG10="","",IFERROR(VALUE(INDEX(Kobo_Import!$A$2:$CZ$301,$AG10,Field_Map!$B$26)&""),0)) -> 4 | S10: =IF($AG10="","",IFERROR(VALUE(INDEX(Kobo_Import!$A$2:$CZ$301,$AG10,Field_Map!$B$27)&""),0)) -> 6 | T10: =IF($AG10="","",IFERROR(VALUE(INDEX(Kobo_Import!$A$2:$CZ$301,$AG10,Field_Map!$B$28)&""),0)) -> 2 | U10: =IF($AG10="","",IF(IFERROR(INDEX(Kobo_Import!$A$2:$CZ$301,$AG10,Field_Map!$B$29)&"","")="","",IFERROR(INDEX(Lists!$N$5:$N$19,MATCH(INDEX(Kobo_Import!$A$2:$CZ$301,$AG10,Field_Map!$B$29)&"",Lists!$M$5:$M$19,0)),INDEX(Kobo_Import!$A$2:$CZ$301,$AG10,Field_Map!$B$29)&""))) -> No | V10: =IF($A10="","",Settings!$B$5-F10) -> 7 | W10: =IF($A10="","",(J10>0)*Settings!$B$22+(P10>0)*Settings!$B$23+(M10>0)*Settings!$B$24+(O10>0)*Settings!$B$25+(I10="Yes")*Settings!$B$26+(D10="Unusable")*Settings!$B$27+(D10="Damaged")*Settings!$B$28+(H10>=Settings!$B$30)*Settings!$B$29) -> 6 | X10: =IF($A10="","",IF(W10>=Settings!$B$31,"High",IF(W10>=Settings!$B$32,"Medium","Low"))) -> High | Y10: =IF($A10="","",IF(V10>Settings!$B$21,"Yes","")) | Z10: =IF($A10="","",COUNTIFS(Referrals!$B$5:$B$52,$A10,Referrals!$G$5:$G$52,"Referred")+COUNTIFS(Referrals!$B$5:$B$52,$A10,Referrals!$G$5:$G$52,"Acknowledged")) -> 0 | AA10: =IF($A10="","",COUNTIFS(Referrals!$B$5:$B$52,$A10,Referrals!$K$5:$K$52,"Overdue")) -> 0 | AB10: =IF($A10="","",IF(AND(J10>0,U10="Yes"),IF(COUNTIFS(Referrals!$B$5:$B$52,$A10,Referrals!$D$5:$D$52,"Nutrition / IYCF")=0,"Referral needed","Referred"),"")) | AC10: =IF($A10="","",IF(N(Needs_Gaps!O10)>0,"Yes","")) | AD10: =IF($A10="","",IF(COUNTIFS(Maintenance_Log!$C$5:$C$40,$A10,Maintenance_Log!$H$5:$H$40,"<>Resolved")>0,"Yes","")) | AE10: =IF($A10="","",(Y10="Yes")+(AA10>0)+(AB10="Referral needed")+(AC10="Yes")+(AD10="Yes")) -> 0 | AF10: =IF($A10="",0,IF(AE10>0,AE10*100000+W10*1000+(1000-(ROW()-4)),0)) -> 0 | AG10: =IFERROR(MATCH(ROW()-4,Import_Index!$H$5:$H$304,0),"") -> 127
A11: =IF($AG11="","",IFERROR(INDEX(Kobo_Import!$A$2:$CZ$301,$AG11,Field_Map!$B$13)&"","")) -> HH-007 | B11: =IF($AG11="","",IF(IFERROR(INDEX(Kobo_Import!$A$2:$CZ$301,$AG11,Field_Map!$B$9)&"","")="","",IFERROR(INDEX(Lists!$N$5:$N$19,MATCH(INDEX(Kobo_Import!$A$2:$CZ$301,$AG11,Field_Map!$B$9)&"",Lists!$M$5:$M$19,0)),INDEX(Kobo_Import!$A$2:$CZ$301,$AG11,Field_Map!$B$9)&""))) -> Site A – School Shelter | C11: =IF($AG11="","",IF(IFERROR(INDEX(Kobo_Import!$A$2:$CZ$301,$AG11,Field_Map!$B$14)&"","")="","",IFERROR(INDEX(Lists!$N$5:$N$19,MATCH(INDEX(Kobo_Import!$A$2:$CZ$301,$AG11,Field_Map!$B$14)&"",Lists!$M$5:$M$19,0)),INDEX(Kobo_Import!$A$2:$CZ$301,$AG11,Field_Map!$B$14)&""))) -> Classroom | D11: =IF($AG11="","",IF(IFERROR(INDEX(Kobo_Import!$A$2:$CZ$301,$AG11,Field_Map!$B$15)&"","")="","",IFERROR(INDEX(Lists!$N$5:$N$19,MATCH(INDEX(Kobo_Import!$A$2:$CZ$301,$AG11,Field_Map!$B$15)&"",Lists!$M$5:$M$19,0)),INDEX(Kobo_Import!$A$2:$CZ$301,$AG11,Field_Map!$B$15)&""))) -> Adequate | E11: =IF($A11="","",IFERROR(INDEX(Import_Index!$D$5:$D$304,MATCH($A11&"|registration",Import_Index!$I$5:$I$304,0)),F11)) -> 46051 | F11: =IF($AG11="","",INDEX(Import_Index!$D$5:$D$304,$AG11)) -> 46051 | G11: =IF($A11="","",COUNTIFS(Import_Index!$B$5:$B$304,$A11,Import_Index!$C$5:$C$304,"yes")) -> 1 | H11: =IF($AG11="","",IFERROR(VALUE(INDEX(Kobo_Import!$A$2:$CZ$301,$AG11,Field_Map!$B$16)&""),0)) -> 7 | I11: =IF($AG11="","",IF(IFERROR(INDEX(Kobo_Import!$A$2:$CZ$301,$AG11,Field_Map!$B$17)&"","")="","",IFERROR(INDEX(Lists!$N$5:$N$19,MATCH(INDEX(Kobo_Import!$A$2:$CZ$301,$AG11,Field_Map!$B$17)&"",Lists!$M$5:$M$19,0)),INDEX(Kobo_Import!$A$2:$CZ$301,$AG11,Field_Map!$B$17)&""))) -> No | J11: =IF($AG11="","",IFERROR(VALUE(INDEX(Kobo_Import!$A$2:$CZ$301,$AG11,Field_Map!$B$18)&""),0)) -> 1 | K11: =IF($AG11="","",IFERROR(VALUE(INDEX(Kobo_Import!$A$2:$CZ$301,$AG11,Field_Map!$B$19)&""),0)) -> 4 | L11: =IF($AG11="","",IFERROR(VALUE(INDEX(Kobo_Import!$A$2:$CZ$301,$AG11,Field_Map!$B$20)&""),0)) -> 2 | M11: =IF($AG11="","",IFERROR(VALUE(INDEX(Kobo_Import!$A$2:$CZ$301,$AG11,Field_Map!$B$21)&""),0)) -> 0 | N11: =IF($AG11="","",IFERROR(VALUE(INDEX(Kobo_Import!$A$2:$CZ$301,$AG11,Field_Map!$B$22)&""),0)) -> 1 | O11: =IF($AG11="","",IFERROR(VALUE(INDEX(Kobo_Import!$A$2:$CZ$301,$AG11,Field_Map!$B$23)&""),0)) -> 1 | P11: =IF($AG11="","",IFERROR(VALUE(INDEX(Kobo_Import!$A$2:$CZ$301,$AG11,Field_Map!$B$24)&""),0)) -> 0 | Q11: =IF($AG11="","",IFERROR(VALUE(INDEX(Kobo_Import!$A$2:$CZ$301,$AG11,Field_Map!$B$25)&""),0)) -> 8 | R11: =IF($AG11="","",IFERROR(VALUE(INDEX(Kobo_Import!$A$2:$CZ$301,$AG11,Field_Map!$B$26)&""),0)) -> 6 | S11: =IF($AG11="","",IFERROR(VALUE(INDEX(Kobo_Import!$A$2:$CZ$301,$AG11,Field_Map!$B$27)&""),0)) -> 5 | T11: =IF($AG11="","",IFERROR(VALUE(INDEX(Kobo_Import!$A$2:$CZ$301,$AG11,Field_Map!$B$28)&""),0)) -> 1 | U11: =IF($AG11="","",IF(IFERROR(INDEX(Kobo_Import!$A$2:$CZ$301,$AG11,Field_Map!$B$29)&"","")="","",IFERROR(INDEX(Lists!$N$5:$N$19,MATCH(INDEX(Kobo_Import!$A$2:$CZ$301,$AG11,Field_Map!$B$29)&"",Lists!$M$5:$M$19,0)),INDEX(Kobo_Import!$A$2:$CZ$301,$AG11,Field_Map!$B$29)&""))) -> Yes | V11: =IF($A11="","",Settings!$B$5-F11) -> 2 | W11: =IF($A11="","",(J11>0)*Settings!$B$22+(P11>0)*Settings!$B$23+(M11>0)*Settings!$B$24+(O11>0)*Settings!$B$25+(I11="Yes")*Settings!$B$26+(D11="Unusable")*Settings!$B$27+(D11="Damaged")*Settings!$B$28+(H11>=Settings!$B$30)*Settings!$B$29) -> 3 | X11: =IF($A11="","",IF(W11>=Settings!$B$31,"High",IF(W11>=Settings!$B$32,"Medium","Low"))) -> Medium | Y11: =IF($A11="","",IF(V11>Settings!$B$21,"Yes","")) | Z11: =IF($A11="","",COUNTIFS(Referrals!$B$5:$B$52,$A11,Referrals!$G$5:$G$52,"Referred")+COUNTIFS(Referrals!$B$5:$B$52,$A11,Referrals!$G$5:$G$52,"Acknowledged")) -> 0 | AA11: =IF($A11="","",COUNTIFS(Referrals!$B$5:$B$52,$A11,Referrals!$K$5:$K$52,"Overdue")) -> 0 | AB11: =IF($A11="","",IF(AND(J11>0,U11="Yes"),IF(COUNTIFS(Referrals!$B$5:$B$52,$A11,Referrals!$D$5:$D$52,"Nutrition / IYCF")=0,"Referral needed","Referred"),"")) -> Referral needed | AC11: =IF($A11="","",IF(N(Needs_Gaps!O11)>0,"Yes","")) | AD11: =IF($A11="","",IF(COUNTIFS(Maintenance_Log!$C$5:$C$40,$A11,Maintenance_Log!$H$5:$H$40,"<>Resolved")>0,"Yes","")) | AE11: =IF($A11="","",(Y11="Yes")+(AA11>0)+(AB11="Referral needed")+(AC11="Yes")+(AD11="Yes")) -> 1 | AF11: =IF($A11="",0,IF(AE11>0,AE11*100000+W11*1000+(1000-(ROW()-4)),0)) -> 103993 | AG11: =IFERROR(MATCH(ROW()-4,Import_Index!$H$5:$H$304,0),"") -> 147
A12: =IF($AG12="","",IFERROR(INDEX(Kobo_Import!$A$2:$CZ$301,$AG12,Field_Map!$B$13)&"","")) -> HH-008 | B12: =IF($AG12="","",IF(IFERROR(INDEX(Kobo_Import!$A$2:$CZ$301,$AG12,Field_Map!$B$9)&"","")="","",IFERROR(INDEX(Lists!$N$5:$N$19,MATCH(INDEX(Kobo_Import!$A$2:$CZ$301,$AG12,Field_Map!$B$9)&"",Lists!$M$5:$M$19,0)),INDEX(Kobo_Import!$A$2:$CZ$301,$AG12,Field_Map!$B$9)&""))) -> Site A – School Shelter | C12: =IF($AG12="","",IF(IFERROR(INDEX(Kobo_Import!$A$2:$CZ$301,$AG12,Field_Map!$B$14)&"","")="","",IFERROR(INDEX(Lists!$N$5:$N$19,MATCH(INDEX(Kobo_Import!$A$2:$CZ$301,$AG12,Field_Map!$B$14)&"",Lists!$M$5:$M$19,0)),INDEX(Kobo_Import!$A$2:$CZ$301,$AG12,Field_Map!$B$14)&""))) -> Classroom | D12: =IF($AG12="","",IF(IFERROR(INDEX(Kobo_Import!$A$2:$CZ$301,$AG12,Field_Map!$B$15)&"","")="","",IFERROR(INDEX(Lists!$N$5:$N$19,MATCH(INDEX(Kobo_Import!$A$2:$CZ$301,$AG12,Field_Map!$B$15)&"",Lists!$M$5:$M$19,0)),INDEX(Kobo_Import!$A$2:$CZ$301,$AG12,Field_Map!$B$15)&""))) -> Adequate | E12: =IF($A12="","",IFERROR(INDEX(Import_Index!$D$5:$D$304,MATCH($A12&"|registration",Import_Index!$I$5:$I$304,0)),F12)) -> 46007 | F12: =IF($AG12="","",INDEX(Import_Index!$D$5:$D$304,$AG12)) -> 46035 | G12: =IF($A12="","",COUNTIFS(Import_Index!$B$5:$B$304,$A12,Import_Index!$C$5:$C$304,"yes")) -> 2 | H12: =IF($AG12="","",IFERROR(VALUE(INDEX(Kobo_Import!$A$2:$CZ$301,$AG12,Field_Map!$B$16)&""),0)) -> 6 | I12: =IF($AG12="","",IF(IFERROR(INDEX(Kobo_Import!$A$2:$CZ$301,$AG12,Field_Map!$B$17)&"","")="","",IFERROR(INDEX(Lists!$N$5:$N$19,MATCH(INDEX(Kobo_Import!$A$2:$CZ$301,$AG12,Field_Map!$B$17)&"",Lists!$M$5:$M$19,0)),INDEX(Kobo_Import!$A$2:$CZ$301,$AG12,Field_Map!$B$17)&""))) -> No | J12: =IF($AG12="","",IFERROR(VALUE(INDEX(Kobo_Import!$A$2:$CZ$301,$AG12,Field_Map!$B$18)&""),0)) -> 1 | K12: =IF($AG12="","",IFERROR(VALUE(INDEX(Kobo_Import!$A$2:$CZ$301,$AG12,Field_Map!$B$19)&""),0)) -> 3 | L12: =IF($AG12="","",IFERROR(VALUE(INDEX(Kobo_Import!$A$2:$CZ$301,$AG12,Field_Map!$B$20)&""),0)) -> 2 | M12: =IF($AG12="","",IFERROR(VALUE(INDEX(Kobo_Import!$A$2:$CZ$301,$AG12,Field_Map!$B$21)&""),0)) -> 0 | N12: =IF($AG12="","",IFERROR(VALUE(INDEX(Kobo_Import!$A$2:$CZ$301,$AG12,Field_Map!$B$22)&""),0)) -> 1 | O12: =IF($AG12="","",IFERROR(VALUE(INDEX(Kobo_Import!$A$2:$CZ$301,$AG12,Field_Map!$B$23)&""),0)) -> 1 | P12: =IF($AG12="","",IFERROR(VALUE(INDEX(Kobo_Import!$A$2:$CZ$301,$AG12,Field_Map!$B$24)&""),0)) -> 0 | Q12: =IF($AG12="","",IFERROR(VALUE(INDEX(Kobo_Import!$A$2:$CZ$301,$AG12,Field_Map!$B$25)&""),0)) -> 4 | R12: =IF($AG12="","",IFERROR(VALUE(INDEX(Kobo_Import!$A$2:$CZ$301,$AG12,Field_Map!$B$26)&""),0)) -> 3 | S12: =IF($AG12="","",IFERROR(VALUE(INDEX(Kobo_Import!$A$2:$CZ$301,$AG12,Field_Map!$B$27)&""),0)) -> 4 | T12: =IF($AG12="","",IFERROR(VALUE(INDEX(Kobo_Import!$A$2:$CZ$301,$AG12,Field_Map!$B$28)&""),0)) -> 0 | U12: =IF($AG12="","",IF(IFERROR(INDEX(Kobo_Import!$A$2:$CZ$301,$AG12,Field_Map!$B$29)&"","")="","",IFERROR(INDEX(Lists!$N$5:$N$19,MATCH(INDEX(Kobo_Import!$A$2:$CZ$301,$AG12,Field_Map!$B$29)&"",Lists!$M$5:$M$19,0)),INDEX(Kobo_Import!$A$2:$CZ$301,$AG12,Field_Map!$B$29)&""))) -> Yes | V12: =IF($A12="","",Settings!$B$5-F12) -> 18 | W12: =IF($A12="","",(J12>0)*Settings!$B$22+(P12>0)*Settings!$B$23+(M12>0)*Settings!$B$24+(O12>0)*Settings!$B$25+(I12="Yes")*Settings!$B$26+(D12="Unusable")*Settings!$B$27+(D12="Damaged")*Settings!$B$28+(H12>=Settings!$B$30)*Settings!$B$29) -> 3 | X12: =IF($A12="","",IF(W12>=Settings!$B$31,"High",IF(W12>=Settings!$B$32,"Medium","Low"))) -> Medium | Y12: =IF($A12="","",IF(V12>Settings!$B$21,"Yes","")) | Z12: =IF($A12="","",COUNTIFS(Referrals!$B$5:$B$52,$A12,Referrals!$G$5:$G$52,"Referred")+COUNTIFS(Referrals!$B$5:$B$52,$A12,Referrals!$G$5:$G$52,"Acknowledged")) -> 1 | AA12: =IF($A12="","",COUNTIFS(Referrals!$B$5:$B$52,$A12,Referrals!$K$5:$K$52,"Overdue")) -> 1 | AB12: =IF($A12="","",IF(AND(J12>0,U12="Yes"),IF(COUNTIFS(Referrals!$B$5:$B$52,$A12,Referrals!$D$5:$D$52,"Nutrition / IYCF")=0,"Referral needed","Referred"),"")) -> Referred | AC12: =IF($A12="","",IF(N(Needs_Gaps!O12)>0,"Yes","")) | AD12: =IF($A12="","",IF(COUNTIFS(Maintenance_Log!$C$5:$C$40,$A12,Maintenance_Log!$H$5:$H$40,"<>Resolved")>0,"Yes","")) | AE12: =IF($A12="","",(Y12="Yes")+(AA12>0)+(AB12="Referral needed")+(AC12="Yes")+(AD12="Yes")) -> 1 | AF12: =IF($A12="",0,IF(AE12>0,AE12*100000+W12*1000+(1000-(ROW()-4)),0)) -> 103992 | AG12: =IFERROR(MATCH(ROW()-4,Import_Index!$H$5:$H$304,0),"") -> 77
A13: =IF($AG13="","",IFERROR(INDEX(Kobo_Import!$A$2:$CZ$301,$AG13,Field_Map!$B$13)&"","")) -> HH-009 | B13: =IF($AG13="","",IF(IFERROR(INDEX(Kobo_Import!$A$2:$CZ$301,$AG13,Field_Map!$B$9)&"","")="","",IFERROR(INDEX(Lists!$N$5:$N$19,MATCH(INDEX(Kobo_Import!$A$2:$CZ$301,$AG13,Field_Map!$B$9)&"",Lists!$M$5:$M$19,0)),INDEX(Kobo_Import!$A$2:$CZ$301,$AG13,Field_Map!$B$9)&""))) -> Site A – School Shelter | C13: =IF($AG13="","",IF(IFERROR(INDEX(Kobo_Import!$A$2:$CZ$301,$AG13,Field_Map!$B$14)&"","")="","",IFERROR(INDEX(Lists!$N$5:$N$19,MATCH(INDEX(Kobo_Import!$A$2:$CZ$301,$AG13,Field_Map!$B$14)&"",Lists!$M$5:$M$19,0)),INDEX(Kobo_Import!$A$2:$CZ$301,$AG13,Field_Map!$B$14)&""))) -> Classroom | D13: =IF($AG13="","",IF(IFERROR(INDEX(Kobo_Import!$A$2:$CZ$301,$AG13,Field_Map!$B$15)&"","")="","",IFERROR(INDEX(Lists!$N$5:$N$19,MATCH(INDEX(Kobo_Import!$A$2:$CZ$301,$AG13,Field_Map!$B$15)&"",Lists!$M$5:$M$19,0)),INDEX(Kobo_Import!$A$2:$CZ$301,$AG13,Field_Map!$B$15)&""))) -> Adequate | E13: =IF($A13="","",IFERROR(INDEX(Import_Index!$D$5:$D$304,MATCH($A13&"|registration",Import_Index!$I$5:$I$304,0)),F13)) -> 46020 | F13: =IF($AG13="","",INDEX(Import_Index!$D$5:$D$304,$AG13)) -> 46048 | G13: =IF($A13="","",COUNTIFS(Import_Index!$B$5:$B$304,$A13,Import_Index!$C$5:$C$304,"yes")) -> 2 | H13: =IF($AG13="","",IFERROR(VALUE(INDEX(Kobo_Import!$A$2:$CZ$301,$AG13,Field_Map!$B$16)&""),0)) -> 9 | I13: =IF($AG13="","",IF(IFERROR(INDEX(Kobo_Import!$A$2:$CZ$301,$AG13,Field_Map!$B$17)&"","")="","",IFERROR(INDEX(Lists!$N$5:$N$19,MATCH(INDEX(Kobo_Import!$A$2:$CZ$301,$AG13,Field_Map!$B$17)&"",Lists!$M$5:$M$19,0)),INDEX(Kobo_Import!$A$2:$CZ$301,$AG13,Field_Map!$B$17)&""))) -> No | J13: =IF($AG13="","",IFERROR(VALUE(INDEX(Kobo_Import!$A$2:$CZ$301,$AG13,Field_Map!$B$18)&""),0)) -> 0 | K13: =IF($AG13="","",IFERROR(VALUE(INDEX(Kobo_Import!$A$2:$CZ$301,$AG13,Field_Map!$B$19)&""),0)) -> 7 | L13: =IF($AG13="","",IFERROR(VALUE(INDEX(Kobo_Import!$A$2:$CZ$301,$AG13,Field_Map!$B$20)&""),0)) -> 2 | M13: =IF($AG13="","",IFERROR(VALUE(INDEX(Kobo_Import!$A$2:$CZ$301,$AG13,Field_Map!$B$21)&""),0)) -> 0 | N13: =IF($AG13="","",IFERROR(VALUE(INDEX(Kobo_Import!$A$2:$CZ$301,$AG13,Field_Map!$B$22)&""),0)) -> 2 | O13: =IF($AG13="","",IFERROR(VALUE(INDEX(Kobo_Import!$A$2:$CZ$301,$AG13,Field_Map!$B$23)&""),0)) -> 0 | P13: =IF($AG13="","",IFERROR(VALUE(INDEX(Kobo_Import!$A$2:$CZ$301,$AG13,Field_Map!$B$24)&""),0)) -> 0 | Q13: =IF($AG13="","",IFERROR(VALUE(INDEX(Kobo_Import!$A$2:$CZ$301,$AG13,Field_Map!$B$25)&""),0)) -> 5 | R13: =IF($AG13="","",IFERROR(VALUE(INDEX(Kobo_Import!$A$2:$CZ$301,$AG13,Field_Map!$B$26)&""),0)) -> 9 | S13: =IF($AG13="","",IFERROR(VALUE(INDEX(Kobo_Import!$A$2:$CZ$301,$AG13,Field_Map!$B$27)&""),0)) -> 4 | T13: =IF($AG13="","",IFERROR(VALUE(INDEX(Kobo_Import!$A$2:$CZ$301,$AG13,Field_Map!$B$28)&""),0)) -> 0 | U13: =IF($AG13="","",IF(IFERROR(INDEX(Kobo_Import!$A$2:$CZ$301,$AG13,Field_Map!$B$29)&"","")="","",IFERROR(INDEX(Lists!$N$5:$N$19,MATCH(INDEX(Kobo_Import!$A$2:$CZ$301,$AG13,Field_Map!$B$29)&"",Lists!$M$5:$M$19,0)),INDEX(Kobo_Import!$A$2:$CZ$301,$AG13,Field_Map!$B$29)&""))) | V13: =IF($A13="","",Settings!$B$5-F13) -> 5 | W13: =IF($A13="","",(J13>0)*Settings!$B$22+(P13>0)*Settings!$B$23+(M13>0)*Settings!$B$24+(O13>0)*Settings!$B$25+(I13="Yes")*Settings!$B$26+(D13="Unusable")*Settings!$B$27+(D13="Damaged")*Settings!$B$28+(H13>=Settings!$B$30)*Settings!$B$29) -> 1 | X13: =IF($A13="","",IF(W13>=Settings!$B$31,"High",IF(W13>=Settings!$B$32,"Medium","Low"))) -> Low | Y13: =IF($A13="","",IF(V13>Settings!$B$21,"Yes","")) | Z13: =IF($A13="","",COUNTIFS(Referrals!$B$5:$B$52,$A13,Referrals!$G$5:$G$52,"Referred")+COUNTIFS(Referrals!$B$5:$B$52,$A13,Referrals!$G$5:$G$52,"Acknowledged")) -> 0 | AA13: =IF($A13="","",COUNTIFS(Referrals!$B$5:$B$52,$A13,Referrals!$K$5:$K$52,"Overdue")) -> 0 | AB13: =IF($A13="","",IF(AND(J13>0,U13="Yes"),IF(COUNTIFS(Referrals!$B$5:$B$52,$A13,Referrals!$D$5:$D$52,"Nutrition / IYCF")=0,"Referral needed","Referred"),"")) | AC13: =IF($A13="","",IF(N(Needs_Gaps!O13)>0,"Yes","")) | AD13: =IF($A13="","",IF(COUNTIFS(Maintenance_Log!$C$5:$C$40,$A13,Maintenance_Log!$H$5:$H$40,"<>Resolved")>0,"Yes","")) | AE13: =IF($A13="","",(Y13="Yes")+(AA13>0)+(AB13="Referral needed")+(AC13="Yes")+(AD13="Yes")) -> 0 | AF13: =IF($A13="",0,IF(AE13>0,AE13*100000+W13*1000+(1000-(ROW()-4)),0)) -> 0 | AG13: =IFERROR(MATCH(ROW()-4,Import_Index!$H$5:$H$304,0),"") -> 137
A14: =IF($AG14="","",IFERROR(INDEX(Kobo_Import!$A$2:$CZ$301,$AG14,Field_Map!$B$13)&"","")) -> HH-010 | B14: =IF($AG14="","",IF(IFERROR(INDEX(Kobo_Import!$A$2:$CZ$301,$AG14,Field_Map!$B$9)&"","")="","",IFERROR(INDEX(Lists!$N$5:$N$19,MATCH(INDEX(Kobo_Import!$A$2:$CZ$301,$AG14,Field_Map!$B$9)&"",Lists!$M$5:$M$19,0)),INDEX(Kobo_Import!$A$2:$CZ$301,$AG14,Field_Map!$B$9)&""))) -> Site A – School Shelter | C14: =IF($AG14="","",IF(IFERROR(INDEX(Kobo_Import!$A$2:$CZ$301,$AG14,Field_Map!$B$14)&"","")="","",IFERROR(INDEX(Lists!$N$5:$N$19,MATCH(INDEX(Kobo_Import!$A$2:$CZ$301,$AG14,Field_Map!$B$14)&"",Lists!$M$5:$M$19,0)),INDEX(Kobo_Import!$A$2:$CZ$301,$AG14,Field_Map!$B$14)&""))) -> Classroom | D14: =IF($AG14="","",IF(IFERROR(INDEX(Kobo_Import!$A$2:$CZ$301,$AG14,Field_Map!$B$15)&"","")="","",IFERROR(INDEX(Lists!$N$5:$N$19,MATCH(INDEX(Kobo_Import!$A$2:$CZ$301,$AG14,Field_Map!$B$15)&"",Lists!$M$5:$M$19,0)),INDEX(Kobo_Import!$A$2:$CZ$301,$AG14,Field_Map!$B$15)&""))) -> Adequate | E14: =IF($A14="","",IFERROR(INDEX(Import_Index!$D$5:$D$304,MATCH($A14&"|registration",Import_Index!$I$5:$I$304,0)),F14)) -> 46037 | F14: =IF($AG14="","",INDEX(Import_Index!$D$5:$D$304,$AG14)) -> 46037 | G14: =IF($A14="","",COUNTIFS(Import_Index!$B$5:$B$304,$A14,Import_Index!$C$5:$C$304,"yes")) -> 1 | H14: =IF($AG14="","",IFERROR(VALUE(INDEX(Kobo_Import!$A$2:$CZ$301,$AG14,Field_Map!$B$16)&""),0)) -> 10 | I14: =IF($AG14="","",IF(IFERROR(INDEX(Kobo_Import!$A$2:$CZ$301,$AG14,Field_Map!$B$17)&"","")="","",IFERROR(INDEX(Lists!$N$5:$N$19,MATCH(INDEX(Kobo_Import!$A$2:$CZ$301,$AG14,Field_Map!$B$17)&"",Lists!$M$5:$M$19,0)),INDEX(Kobo_Import!$A$2:$CZ$301,$AG14,Field_Map!$B$17)&""))) -> No | J14: =IF($AG14="","",IFERROR(VALUE(INDEX(Kobo_Import!$A$2:$CZ$301,$AG14,Field_Map!$B$18)&""),0)) -> 1 | K14: =IF($AG14="","",IFERROR(VALUE(INDEX(Kobo_Import!$A$2:$CZ$301,$AG14,Field_Map!$B$19)&""),0)) -> 7 | L14: =IF($AG14="","",IFERROR(VALUE(INDEX(Kobo_Import!$A$2:$CZ$301,$AG14,Field_Map!$B$20)&""),0)) -> 2 | M14: =IF($AG14="","",IFERROR(VALUE(INDEX(Kobo_Import!$A$2:$CZ$301,$AG14,Field_Map!$B$21)&""),0)) -> 0 | N14: =IF($AG14="","",IFERROR(VALUE(INDEX(Kobo_Import!$A$2:$CZ$301,$AG14,Field_Map!$B$22)&""),0)) -> 2 | O14: =IF($AG14="","",IFERROR(VALUE(INDEX(Kobo_Import!$A$2:$CZ$301,$AG14,Field_Map!$B$23)&""),0)) -> 1 | P14: =IF($AG14="","",IFERROR(VALUE(INDEX(Kobo_Import!$A$2:$CZ$301,$AG14,Field_Map!$B$24)&""),0)) -> 0 | Q14: =IF($AG14="","",IFERROR(VALUE(INDEX(Kobo_Import!$A$2:$CZ$301,$AG14,Field_Map!$B$25)&""),0)) -> 2 | R14: =IF($AG14="","",IFERROR(VALUE(INDEX(Kobo_Import!$A$2:$CZ$301,$AG14,Field_Map!$B$26)&""),0)) -> 7 | S14: =IF($AG14="","",IFERROR(VALUE(INDEX(Kobo_Import!$A$2:$CZ$301,$AG14,Field_Map!$B$27)&""),0)) -> 4 | T14: =IF($AG14="","",IFERROR(VALUE(INDEX(Kobo_Import!$A$2:$CZ$301,$AG14,Field_Map!$B$28)&""),0)) -> 1 | U14: =IF($AG14="","",IF(IFERROR(INDEX(Kobo_Import!$A$2:$CZ$301,$AG14,Field_Map!$B$29)&"","")="","",IFERROR(INDEX(Lists!$N$5:$N$19,MATCH(INDEX(Kobo_Import!$A$2:$CZ$301,$AG14,Field_Map!$B$29)&"",Lists!$M$5:$M$19,0)),INDEX(Kobo_Import!$A$2:$CZ$301,$AG14,Field_Map!$B$29)&""))) -> No | V14: =IF($A14="","",Settings!$B$5-F14) -> 16 | W14: =IF($A14="","",(J14>0)*Settings!$B$22+(P14>0)*Settings!$B$23+(M14>0)*Settings!$B$24+(O14>0)*Settings!$B$25+(I14="Yes")*Settings!$B$26+(D14="Unusable")*Settings!$B$27+(D14="Damaged")*Settings!$B$28+(H14>=Settings!$B$30)*Settings!$B$29) -> 4 | X14: =IF($A14="","",IF(W14>=Settings!$B$31,"High",IF(W14>=Settings!$B$32,"Medium","Low"))) -> Medium | Y14: =IF($A14="","",IF(V14>Settings!$B$21,"Yes","")) | Z14: =IF($A14="","",COUNTIFS(Referrals!$B$5:$B$52,$A14,Referrals!$G$5:$G$52,"Referred")+COUNTIFS(Referrals!$B$5:$B$52,$A14,Referrals!$G$5:$G$52,"Acknowledged")) -> 0 | AA14: =IF($A14="","",COUNTIFS(Referrals!$B$5:$B$52,$A14,Referrals!$K$5:$K$52,"Overdue")) -> 0 | AB14: =IF($A14="","",IF(AND(J14>0,U14="Yes"),IF(COUNTIFS(Referrals!$B$5:$B$52,$A14,Referrals!$D$5:$D$52,"Nutrition / IYCF")=0,"Referral needed","Referred"),"")) | AC14: =IF($A14="","",IF(N(Needs_Gaps!O14)>0,"Yes","")) | AD14: =IF($A14="","",IF(COUNTIFS(Maintenance_Log!$C$5:$C$40,$A14,Maintenance_Log!$H$5:$H$40,"<>Resolved")>0,"Yes","")) | AE14: =IF($A14="","",(Y14="Yes")+(AA14>0)+(AB14="Referral needed")+(AC14="Yes")+(AD14="Yes")) -> 0 | AF14: =IF($A14="",0,IF(AE14>0,AE14*100000+W14*1000+(1000-(ROW()-4)),0)) -> 0 | AG14: =IFERROR(MATCH(ROW()-4,Import_Index!$H$5:$H$304,0),"") -> 85
A15: =IF($AG15="","",IFERROR(INDEX(Kobo_Import!$A$2:$CZ$301,$AG15,Field_Map!$B$13)&"","")) -> HH-011 | B15: =IF($AG15="","",IF(IFERROR(INDEX(Kobo_Import!$A$2:$CZ$301,$AG15,Field_Map!$B$9)&"","")="","",IFERROR(INDEX(Lists!$N$5:$N$19,MATCH(INDEX(Kobo_Import!$A$2:$CZ$301,$AG15,Field_Map!$B$9)&"",Lists!$M$5:$M$19,0)),INDEX(Kobo_Import!$A$2:$CZ$301,$AG15,Field_Map!$B$9)&""))) -> Site A – School Shelter | C15: =IF($AG15="","",IF(IFERROR(INDEX(Kobo_Import!$A$2:$CZ$301,$AG15,Field_Map!$B$14)&"","")="","",IFERROR(INDEX(Lists!$N$5:$N$19,MATCH(INDEX(Kobo_Import!$A$2:$CZ$301,$AG15,Field_Map!$B$14)&"",Lists!$M$5:$M$19,0)),INDEX(Kobo_Import!$A$2:$CZ$301,$AG15,Field_Map!$B$14)&""))) -> Classroom | D15: =IF($AG15="","",IF(IFERROR(INDEX(Kobo_Import!$A$2:$CZ$301,$AG15,Field_Map!$B$15)&"","")="","",IFERROR(INDEX(Lists!$N$5:$N$19,MATCH(INDEX(Kobo_Import!$A$2:$CZ$301,$AG15,Field_Map!$B$15)&"",Lists!$M$5:$M$19,0)),INDEX(Kobo_Import!$A$2:$CZ$301,$AG15,Field_Map!$B$15)&""))) -> Adequate | E15: =IF($A15="","",IFERROR(INDEX(Import_Index!$D$5:$D$304,MATCH($A15&"|registration",Import_Index!$I$5:$I$304,0)),F15)) -> 46010 | F15: =IF($AG15="","",INDEX(Import_Index!$D$5:$D$304,$AG15)) -> 46040 | G15: =IF($A15="","",COUNTIFS(Import_Index!$B$5:$B$304,$A15,Import_Index!$C$5:$C$304,"yes")) -> 2 | H15: =IF($AG15="","",IFERROR(VALUE(INDEX(Kobo_Import!$A$2:$CZ$301,$AG15,Field_Map!$B$16)&""),0)) -> 9 | I15: =IF($AG15="","",IF(IFERROR(INDEX(Kobo_Import!$A$2:$CZ$301,$AG15,Field_Map!$B$17)&"","")="","",IFERROR(INDEX(Lists!$N$5:$N$19,MATCH(INDEX(Kobo_Import!$A$2:$CZ$301,$AG15,Field_Map!$B$17)&"",Lists!$M$5:$M$19,0)),INDEX(Kobo_Import!$A$2:$CZ$301,$AG15,Field_Map!$B$17)&""))) -> No | J15: =IF($AG15="","",IFERROR(VALUE(INDEX(Kobo_Import!$A$2:$CZ$301,$AG15,Field_Map!$B$18)&""),0)) -> 0 | K15: =IF($AG15="","",IFERROR(VALUE(INDEX(Kobo_Import!$A$2:$CZ$301,$AG15,Field_Map!$B$19)&""),0)) -> 7 | L15: =IF($AG15="","",IFERROR(VALUE(INDEX(Kobo_Import!$A$2:$CZ$301,$AG15,Field_Map!$B$20)&""),0)) -> 2 | M15: =IF($AG15="","",IFERROR(VALUE(INDEX(Kobo_Import!$A$2:$CZ$301,$AG15,Field_Map!$B$21)&""),0)) -> 0 | N15: =IF($AG15="","",IFERROR(VALUE(INDEX(Kobo_Import!$A$2:$CZ$301,$AG15,Field_Map!$B$22)&""),0)) -> 1 | O15: =IF($AG15="","",IFERROR(VALUE(INDEX(Kobo_Import!$A$2:$CZ$301,$AG15,Field_Map!$B$23)&""),0)) -> 1 | P15: =IF($AG15="","",IFERROR(VALUE(INDEX(Kobo_Import!$A$2:$CZ$301,$AG15,Field_Map!$B$24)&""),0)) -> 1 | Q15: =IF($AG15="","",IFERROR(VALUE(INDEX(Kobo_Import!$A$2:$CZ$301,$AG15,Field_Map!$B$25)&""),0)) -> 2 | R15: =IF($AG15="","",IFERROR(VALUE(INDEX(Kobo_Import!$A$2:$CZ$301,$AG15,Field_Map!$B$26)&""),0)) -> 9 | S15: =IF($AG15="","",IFERROR(VALUE(INDEX(Kobo_Import!$A$2:$CZ$301,$AG15,Field_Map!$B$27)&""),0)) -> 0 | T15: =IF($AG15="","",IFERROR(VALUE(INDEX(Kobo_Import!$A$2:$CZ$301,$AG15,Field_Map!$B$28)&""),0)) -> 2 | U15: =IF($AG15="","",IF(IFERROR(INDEX(Kobo_Import!$A$2:$CZ$301,$AG15,Field_Map!$B$29)&"","")="","",IFERROR(INDEX(Lists!$N$5:$N$19,MATCH(INDEX(Kobo_Import!$A$2:$CZ$301,$AG15,Field_Map!$B$29)&"",Lists!$M$5:$M$19,0)),INDEX(Kobo_Import!$A$2:$CZ$301,$AG15,Field_Map!$B$29)&""))) | V15: =IF($A15="","",Settings!$B$5-F15) -> 13 | W15: =IF($A15="","",(J15>0)*Settings!$B$22+(P15>0)*Settings!$B$23+(M15>0)*Settings!$B$24+(O15>0)*Settings!$B$25+(I15="Yes")*Settings!$B$26+(D15="Unusable")*Settings!$B$27+(D15="Damaged")*Settings!$B$28+(H15>=Settings!$B$30)*Settings!$B$29) -> 4 | X15: =IF($A15="","",IF(W15>=Settings!$B$31,"High",IF(W15>=Settings!$B$32,"Medium","Low"))) -> Medium | Y15: =IF($A15="","",IF(V15>Settings!$B$21,"Yes","")) | Z15: =IF($A15="","",COUNTIFS(Referrals!$B$5:$B$52,$A15,Referrals!$G$5:$G$52,"Referred")+COUNTIFS(Referrals!$B$5:$B$52,$A15,Referrals!$G$5:$G$52,"Acknowledged")) -> 1 | AA15: =IF($A15="","",COUNTIFS(Referrals!$B$5:$B$52,$A15,Referrals!$K$5:$K$52,"Overdue")) -> 1 | AB15: =IF($A15="","",IF(AND(J15>0,U15="Yes"),IF(COUNTIFS(Referrals!$B$5:$B$52,$A15,Referrals!$D$5:$D$52,"Nutrition / IYCF")=0,"Referral needed","Referred"),"")) | AC15: =IF($A15="","",IF(N(Needs_Gaps!O15)>0,"Yes","")) | AD15: =IF($A15="","",IF(COUNTIFS(Maintenance_Log!$C$5:$C$40,$A15,Maintenance_Log!$H$5:$H$40,"<>Resolved")>0,"Yes","")) | AE15: =IF($A15="","",(Y15="Yes")+(AA15>0)+(AB15="Referral needed")+(AC15="Yes")+(AD15="Yes")) -> 1 | AF15: =IF($A15="",0,IF(AE15>0,AE15*100000+W15*1000+(1000-(ROW()-4)),0)) -> 104989 | AG15: =IFERROR(MATCH(ROW()-4,Import_Index!$H$5:$H$304,0),"") -> 101
A16: =IF($AG16="","",IFERROR(INDEX(Kobo_Import!$A$2:$CZ$301,$AG16,Field_Map!$B$13)&"","")) -> HH-012 | B16: =IF($AG16="","",IF(IFERROR(INDEX(Kobo_Import!$A$2:$CZ$301,$AG16,Field_Map!$B$9)&"","")="","",IFERROR(INDEX(Lists!$N$5:$N$19,MATCH(INDEX(Kobo_Import!$A$2:$CZ$301,$AG16,Field_Map!$B$9)&"",Lists!$M$5:$M$19,0)),INDEX(Kobo_Import!$A$2:$CZ$301,$AG16,Field_Map!$B$9)&""))) -> Site A – School Shelter | C16: =IF($AG16="","",IF(IFERROR(INDEX(Kobo_Import!$A$2:$CZ$301,$AG16,Field_Map!$B$14)&"","")="","",IFERROR(INDEX(Lists!$N$5:$N$19,MATCH(INDEX(Kobo_Import!$A$2:$CZ$301,$AG16,Field_Map!$B$14)&"",Lists!$M$5:$M$19,0)),INDEX(Kobo_Import!$A$2:$CZ$301,$AG16,Field_Map!$B$14)&""))) -> Classroom | D16: =IF($AG16="","",IF(IFERROR(INDEX(Kobo_Import!$A$2:$CZ$301,$AG16,Field_Map!$B$15)&"","")="","",IFERROR(INDEX(Lists!$N$5:$N$19,MATCH(INDEX(Kobo_Import!$A$2:$CZ$301,$AG16,Field_Map!$B$15)&"",Lists!$M$5:$M$19,0)),INDEX(Kobo_Import!$A$2:$CZ$301,$AG16,Field_Map!$B$15)&""))) -> Adequate | E16: =IF($A16="","",IFERROR(INDEX(Import_Index!$D$5:$D$304,MATCH($A16&"|registration",Import_Index!$I$5:$I$304,0)),F16)) -> 46016 | F16: =IF($AG16="","",INDEX(Import_Index!$D$5:$D$304,$AG16)) -> 46048 | G16: =IF($A16="","",COUNTIFS(Import_Index!$B$5:$B$304,$A16,Import_Index!$C$5:$C$304,"yes")) -> 2 | H16: =IF($AG16="","",IFERROR(VALUE(INDEX(Kobo_Import!$A$2:$CZ$301,$AG16,Field_Map!$B$16)&""),0)) -> 5 | I16: =IF($AG16="","",IF(IFERROR(INDEX(Kobo_Import!$A$2:$CZ$301,$AG16,Field_Map!$B$17)&"","")="","",IFERROR(INDEX(Lists!$N$5:$N$19,MATCH(INDEX(Kobo_Import!$A$2:$CZ$301,$AG16,Field_Map!$B$17)&"",Lists!$M$5:$M$19,0)),INDEX(Kobo_Import!$A$2:$CZ$301,$AG16,Field_Map!$B$17)&""))) -> No | J16: =IF($AG16="","",IFERROR(VALUE(INDEX(Kobo_Import!$A$2:$CZ$301,$AG16,Field_Map!$B$18)&""),0)) -> 1 | K16: =IF($AG16="","",IFERROR(VALUE(INDEX(Kobo_Import!$A$2:$CZ$301,$AG16,Field_Map!$B$19)&""),0)) -> 0 | L16: =IF($AG16="","",IFERROR(VALUE(INDEX(Kobo_Import!$A$2:$CZ$301,$AG16,Field_Map!$B$20)&""),0)) -> 3 | M16: =IF($AG16="","",IFERROR(VALUE(INDEX(Kobo_Import!$A$2:$CZ$301,$AG16,Field_Map!$B$21)&""),0)) -> 1 | N16: =IF($AG16="","",IFERROR(VALUE(INDEX(Kobo_Import!$A$2:$CZ$301,$AG16,Field_Map!$B$22)&""),0)) -> 2 | O16: =IF($AG16="","",IFERROR(VALUE(INDEX(Kobo_Import!$A$2:$CZ$301,$AG16,Field_Map!$B$23)&""),0)) -> 1 | P16: =IF($AG16="","",IFERROR(VALUE(INDEX(Kobo_Import!$A$2:$CZ$301,$AG16,Field_Map!$B$24)&""),0)) -> 0 | Q16: =IF($AG16="","",IFERROR(VALUE(INDEX(Kobo_Import!$A$2:$CZ$301,$AG16,Field_Map!$B$25)&""),0)) -> 9 | R16: =IF($AG16="","",IFERROR(VALUE(INDEX(Kobo_Import!$A$2:$CZ$301,$AG16,Field_Map!$B$26)&""),0)) -> 1 | S16: =IF($AG16="","",IFERROR(VALUE(INDEX(Kobo_Import!$A$2:$CZ$301,$AG16,Field_Map!$B$27)&""),0)) -> 0 | T16: =IF($AG16="","",IFERROR(VALUE(INDEX(Kobo_Import!$A$2:$CZ$301,$AG16,Field_Map!$B$28)&""),0)) -> 3 | U16: =IF($AG16="","",IF(IFERROR(INDEX(Kobo_Import!$A$2:$CZ$301,$AG16,Field_Map!$B$29)&"","")="","",IFERROR(INDEX(Lists!$N$5:$N$19,MATCH(INDEX(Kobo_Import!$A$2:$CZ$301,$AG16,Field_Map!$B$29)&"",Lists!$M$5:$M$19,0)),INDEX(Kobo_Import!$A$2:$CZ$301,$AG16,Field_Map!$B$29)&""))) -> No | V16: =IF($A16="","",Settings!$B$5-F16) -> 5 | W16: =IF($A16="","",(J16>0)*Settings!$B$22+(P16>0)*Settings!$B$23+(M16>0)*Settings!$B$24+(O16>0)*Settings!$B$25+(I16="Yes")*Settings!$B$26+(D16="Unusable")*Settings!$B$27+(D16="Damaged")*Settings!$B$28+(H16>=Settings!$B$30)*Settings!$B$29) -> 4 | X16: =IF($A16="","",IF(W16>=Settings!$B$31,"High",IF(W16>=Settings!$B$32,"Medium","Low"))) -> Medium | Y16: =IF($A16="","",IF(V16>Settings!$B$21,"Yes","")) | Z16: =IF($A16="","",COUNTIFS(Referrals!$B$5:$B$52,$A16,Referrals!$G$5:$G$52,"Referred")+COUNTIFS(Referrals!$B$5:$B$52,$A16,Referrals!$G$5:$G$52,"Acknowledged")) -> 0 | AA16: =IF($A16="","",COUNTIFS(Referrals!$B$5:$B$52,$A16,Referrals!$K$5:$K$52,"Overdue")) -> 0 | AB16: =IF($A16="","",IF(AND(J16>0,U16="Yes"),IF(COUNTIFS(Referrals!$B$5:$B$52,$A16,Referrals!$D$5:$D$52,"Nutrition / IYCF")=0,"Referral needed","Referred"),"")) | AC16: =IF($A16="","",IF(N(Needs_Gaps!O16)>0,"Yes","")) | AD16: =IF($A16="","",IF(COUNTIFS(Maintenance_Log!$C$5:$C$40,$A16,Maintenance_Log!$H$5:$H$40,"<>Resolved")>0,"Yes","")) | AE16: =IF($A16="","",(Y16="Yes")+(AA16>0)+(AB16="Referral needed")+(AC16="Yes")+(AD16="Yes")) -> 0 | AF16: =IF($A16="",0,IF(AE16>0,AE16*100000+W16*1000+(1000-(ROW()-4)),0)) -> 0 | AG16: =IFERROR(MATCH(ROW()-4,Import_Index!$H$5:$H$304,0),"") -> 138
... A154: =IF($AG154="","",IFERROR(INDEX(Kobo_Import!$A$2:$CZ$301,$AG154,Field_Map!$B$13)&"","")) | B154: =IF($AG154="","",IF(IFERROR(INDEX(Kobo_Import!$A$2:$CZ$301,$AG154,Field_Map!$B$9)&"","")="","",IFERROR(INDEX(Lists!$N$5:$N$19,MATCH(INDEX(Kobo_Import!$A$2:$CZ$301,$AG154,Field_Map!$B$9)&"",Lists!$M$5:$M$19,0)),INDEX(Kobo_Import!$A$2:$CZ$301,$AG154,Field_Map!$B$9)&""))) | C154: =IF($AG154="","",IF(IFERROR(INDEX(Kobo_Import!$A$2:$CZ$301,$AG154,Field_Map!$B$14)&"","")="","",IFERROR(INDEX(Lists!$N$5:$N$19,MATCH(INDEX(Kobo_Import!$A$2:$CZ$301,$AG154,Field_Map!$B$14)&"",Lists!$M$5:$M$19,0)),INDEX(Kobo_Import!$A$2:$CZ$301,$AG154,Field_Map!$B$14)&""))) | D154: =IF($AG154="","",IF(IFERROR(INDEX(Kobo_Import!$A$2:$CZ$301,$AG154,Field_Map!$B$15)&"","")="","",IFERROR(INDEX(Lists!$N$5:$N$19,MATCH(INDEX(Kobo_Import!$A$2:$CZ$301,$AG154,Field_Map!$B$15)&"",Lists!$M$5:$M$19,0)),INDEX(Kobo_Import!$A$2:$CZ$301,$AG154,Field_Map!$B$15)&""))) | E154: =IF($A154="","",IFERROR(INDEX(Import_Index!$D$5:$D$304,MATCH($A154&"|registration",Import_Index!$I$5:$I$304,0)),F154)) | F154: =IF($AG154="","",INDEX(Import_Index!$D$5:$D$304,$AG154)) | G154: =IF($A154="","",COUNTIFS(Import_Index!$B$5:$B$304,$A154,Import_Index!$C$5:$C$304,"yes")) | H154: =IF($AG154="","",IFERROR(VALUE(INDEX(Kobo_Import!$A$2:$CZ$301,$AG154,Field_Map!$B$16)&""),0)) | I154: =IF($AG154="","",IF(IFERROR(INDEX(Kobo_Import!$A$2:$CZ$301,$AG154,Field_Map!$B$17)&"","")="","",IFERROR(INDEX(Lists!$N$5:$N$19,MATCH(INDEX(Kobo_Import!$A$2:$CZ$301,$AG154,Field_Map!$B$17)&"",Lists!$M$5:$M$19,0)),INDEX(Kobo_Import!$A$2:$CZ$301,$AG154,Field_Map!$B$17)&""))) | J154: =IF($AG154="","",IFERROR(VALUE(INDEX(Kobo_Import!$A$2:$CZ$301,$AG154,Field_Map!$B$18)&""),0)) | K154: =IF($AG154="","",IFERROR(VALUE(INDEX(Kobo_Import!$A$2:$CZ$301,$AG154,Field_Map!$B$19)&""),0)) | L154: =IF($AG154="","",IFERROR(VALUE(INDEX(Kobo_Import!$A$2:$CZ$301,$AG154,Field_Map!$B$20)&""),0)) | M154: =IF($AG154="","",IFERROR(VALUE(INDEX(Kobo_Import!$A$2:$CZ$301,$AG154,Field_Map!$B$21)&""),0)) | N154: =IF($AG154="","",IFERROR(VALUE(INDEX(Kobo_Import!$A$2:$CZ$301,$AG154,Field_Map!$B$22)&""),0)) | O154: =IF($AG154="","",IFERROR(VALUE(INDEX(Kobo_Import!$A$2:$CZ$301,$AG154,Field_Map!$B$23)&""),0)) | P154: =IF($AG154="","",IFERROR(VALUE(INDEX(Kobo_Import!$A$2:$CZ$301,$AG154,Field_Map!$B$24)&""),0)) | Q154: =IF($AG154="","",IFERROR(VALUE(INDEX(Kobo_Import!$A$2:$CZ$301,$AG154,Field_Map!$B$25)&""),0)) | R154: =IF($AG154="","",IFERROR(VALUE(INDEX(Kobo_Import!$A$2:$CZ$301,$AG154,Field_Map!$B$26)&""),0)) | S154: =IF($AG154="","",IFERROR(VALUE(INDEX(Kobo_Import!$A$2:$CZ$301,$AG154,Field_Map!$B$27)&""),0)) | T154: =IF($AG154="","",IFERROR(VALUE(INDEX(Kobo_Import!$A$2:$CZ$301,$AG154,Field_Map!$B$28)&""),0)) | U154: =IF($AG154="","",IF(IFERROR(INDEX(Kobo_Import!$A$2:$CZ$301,$AG154,Field_Map!$B$29)&"","")="","",IFERROR(INDEX(Lists!$N$5:$N$19,MATCH(INDEX(Kobo_Import!$A$2:$CZ$301,$AG154,Field_Map!$B$29)&"",Lists!$M$5:$M$19,0)),INDEX(Kobo_Import!$A$2:$CZ$301,$AG154,Field_Map!$B$29)&""))) | V154: =IF($A154="","",Settings!$B$5-F154) | W154: =IF($A154="","",(J154>0)*Settings!$B$22+(P154>0)*Settings!$B$23+(M154>0)*Settings!$B$24+(O154>0)*Settings!$B$25+(I154="Yes")*Settings!$B$26+(D154="Unusable")*Settings!$B$27+(D154="Damaged")*Settings!$B$28+(H154>=Settings!$B$30)*Settings!$B$29) | X154: =IF($A154="","",IF(W154>=Settings!$B$31,"High",IF(W154>=Settings!$B$32,"Medium","Low"))) | Y154: =IF($A154="","",IF(V154>Settings!$B$21,"Yes","")) | Z154: =IF($A154="","",COUNTIFS(Referrals!$B$5:$B$52,$A154,Referrals!$G$5:$G$52,"Referred")+COUNTIFS(Referrals!$B$5:$B$52,$A154,Referrals!$G$5:$G$52,"Acknowledged")) | AA154: =IF($A154="","",COUNTIFS(Referrals!$B$5:$B$52,$A154,Referrals!$K$5:$K$52,"Overdue")) | AB154: =IF($A154="","",IF(AND(J154>0,U154="Yes"),IF(COUNTIFS(Referrals!$B$5:$B$52,$A154,Referrals!$D$5:$D$52,"Nutrition / IYCF")=0,"Referral needed","Referred"),"")) | AC154: =IF($A154="","",IF(N(Needs_Gaps!O154)>0,"Yes","")) | AD154: =IF($A154="","",IF(COUNTIFS(Maintenance_Log!$C$5:$C$40,$A154,Maintenance_Log!$H$5:$H$40,"<>Resolved")>0,"Yes","")) | AE154: =IF($A154="","",(Y154="Yes")+(AA154>0)+(AB154="Referral needed")+(AC154="Yes")+(AD154="Yes")) | AF154: =IF($A154="",0,IF(AE154>0,AE154*100000+W154*1000+(1000-(ROW()-4)),0)) -> 0 | AG154: =IFERROR(MATCH(ROW()-4,Import_Index!$H$5:$H$304,0),"")

Sheet Needs_Gaps
A1: Needs, assistance received since the latest assessment, and unmet need
A2: Need = from the latest assessment and the Settings ratios. Received = Assistance_Log on or after that assessment. Unmet = need not yet covered.
D3: Blankets | G3: Mattresses | J3: Tarpaulins | M3: Tent replacement | P3: Shelter repair kits | S3: Winter clothing – children | V3: Winter clothing – adults | Y3: Diapers | AB3: Family hygiene kits | AE3: Menstrual hygiene kits
A4: HH code | B4: Site | C4: Priority band | D4: Need (pcs) | E4: Received | F4: Unmet | G4: Need (pcs) | H4: Received | I4: Unmet | J4: Need (sheets) | K4: Received | L4: Unmet | M4: Need (tents) | N4: Received | O4: Unmet | P4: Need (kits) | Q4: Received | R4: Unmet | S4: Need (sets) | T4: Received | U4: Unmet | V4: Need (sets) | W4: Received | X4: Unmet | Y4: Need (packs/month) | Z4: Received | AA4: Unmet | AB4: Need (kits/month) | AC4: Received | AD4: Unmet | AE4: Need (kits/month) | AF4: Received | AG4: Unmet | AH4: Any unmet need | AI4: Item types with a gap
A5: =IF(Households!A5="","",Households!A5) -> HH-001 | B5: =IF($A5="","",Households!B5) -> Site A – School Shelter | C5: =IF($A5="","",Households!X5) -> Medium | D5: =IF($A5="","",MAX(0,Households!H5*Settings!$B$9-Households!Q5)) -> 13 | E5: =IF($A5="","",SUMIFS(Assistance_Log!$F$5:$F$367,Assistance_Log!$C$5:$C$367,$A5,Assistance_Log!$E$5:$E$367,"Blankets",Assistance_Log!$B$5:$B$367,">="&Households!F5)) -> 0 | F5: =IF($A5="","",MAX(0,D5-E5)) -> 13 | G5: =IF($A5="","",MAX(0,Households!H5*Settings!$B$10-Households!R5)) -> 7 | H5: =IF($A5="","",SUMIFS(Assistance_Log!$F$5:$F$367,Assistance_Log!$C$5:$C$367,$A5,Assistance_Log!$E$5:$E$367,"Mattresses",Assistance_Log!$B$5:$B$367,">="&Households!F5)) -> 0 | I5: =IF($A5="","",MAX(0,G5-H5)) -> 7 | J5: =IF($A5="","",IF(AND(OR(Households!C5="Tent",Households!C5="Makeshift shelter"),Households!D5="Damaged"),Settings!$B$11,0)) -> 0 | K5: =IF($A5="","",SUMIFS(Assistance_Log!$F$5:$F$367,Assistance_Log!$C$5:$C$367,$A5,Assistance_Log!$E$5:$E$367,"Tarpaulins",Assistance_Log!$B$5:$B$367,">="&Households!F5)) -> 0 | L5: =IF($A5="","",MAX(0,J5-K5)) -> 0 | M5: =IF($A5="","",IF(AND(OR(Households!C5="Tent",Households!C5="Makeshift shelter"),Households!D5="Unusable"),Settings!$B$12,0)) -> 0 | N5: =IF($A5="","",SUMIFS(Assistance_Log!$F$5:$F$367,Assistance_Log!$C$5:$C$367,$A5,Assistance_Log!$E$5:$E$367,"Tent replacement",Assistance_Log!$B$5:$B$367,">="&Households!F5)) -> 0 | O5: =IF($A5="","",MAX(0,M5-N5)) -> 0 | P5: =IF($A5="","",IF(Households!D5="Damaged",Settings!$B$13,0)) -> 0 | Q5: =IF($A5="","",SUMIFS(Assistance_Log!$F$5:$F$367,Assistance_Log!$C$5:$C$367,$A5,Assistance_Log!$E$5:$E$367,"Shelter repair kits",Assistance_Log!$B$5:$B$367,">="&Households!F5)) -> 0 | R5: =IF($A5="","",MAX(0,P5-Q5)) -> 0 | S5: =IF($A5="","",Households!S5*Settings!$B$14) -> 2 | T5: =IF($A5="","",SUMIFS(Assistance_Log!$F$5:$F$367,Assistance_Log!$C$5:$C$367,$A5,Assistance_Log!$E$5:$E$367,"Winter clothing – children",Assistance_Log!$B$5:$B$367,">="&Households!F5)) -> 0 | U5: =IF($A5="","",MAX(0,S5-T5)) -> 2 | V5: =IF($A5="","",Households!T5*Settings!$B$14) -> 1 | W5: =IF($A5="","",SUMIFS(Assistance_Log!$F$5:$F$367,Assistance_Log!$C$5:$C$367,$A5,Assistance_Log!$E$5:$E$367,"Winter clothing – adults",Assistance_Log!$B$5:$B$367,">="&Households!F5)) -> 1 | X5: =IF($A5="","",MAX(0,V5-W5)) -> 0 | Y5: =IF($A5="","",Households!J5*Settings!$B$15) -> 4 | Z5: =IF($A5="","",SUMIFS(Assistance_Log!$F$5:$F$367,Assistance_Log!$C$5:$C$367,$A5,Assistance_Log!$E$5:$E$367,"Diapers",Assistance_Log!$B$5:$B$367,">="&Households!F5)) -> 0 | AA5: =IF($A5="","",MAX(0,Y5-Z5)) -> 4 | AB5: =IF($A5="","",Settings!$B$16) -> 1 | AC5: =IF($A5="","",SUMIFS(Assistance_Log!$F$5:$F$367,Assistance_Log!$C$5:$C$367,$A5,Assistance_Log!$E$5:$E$367,"Family hygiene kits",Assistance_Log!$B$5:$B$367,">="&Households!F5)) -> 1 | AD5: =IF($A5="","",MAX(0,AB5-AC5)) -> 0 | AE5: =IF($A5="","",Households!N5*Settings!$B$17) -> 1 | AF5: =IF($A5="","",SUMIFS(Assistance_Log!$F$5:$F$367,Assistance_Log!$C$5:$C$367,$A5,Assistance_Log!$E$5:$E$367,"Menstrual hygiene kits",Assistance_Log!$B$5:$B$367,">="&Households!F5)) -> 1 | AG5: =IF($A5="","",MAX(0,AE5-AF5)) -> 0 | AH5: =IF($A5="","",IF(F5+I5+L5+O5+R5+U5+X5+AA5+AD5+AG5>0,"Yes","No")) -> Yes | AI5: =IF($A5="","",(F5>0)+(I5>0)+(L5>0)+(O5>0)+(R5>0)+(U5>0)+(X5>0)+(AA5>0)+(AD5>0)+(AG5>0)) -> 4
A6: =IF(Households!A6="","",Households!A6) -> HH-002 | B6: =IF($A6="","",Households!B6) -> Site A – School Shelter | C6: =IF($A6="","",Households!X6) -> Low | D6: =IF($A6="","",MAX(0,Households!H6*Settings!$B$9-Households!Q6)) -> 1 | E6: =IF($A6="","",SUMIFS(Assistance_Log!$F$5:$F$367,Assistance_Log!$C$5:$C$367,$A6,Assistance_Log!$E$5:$E$367,"Blankets",Assistance_Log!$B$5:$B$367,">="&Households!F6)) -> 0 | F6: =IF($A6="","",MAX(0,D6-E6)) -> 1 | G6: =IF($A6="","",MAX(0,Households!H6*Settings!$B$10-Households!R6)) -> 0 | H6: =IF($A6="","",SUMIFS(Assistance_Log!$F$5:$F$367,Assistance_Log!$C$5:$C$367,$A6,Assistance_Log!$E$5:$E$367,"Mattresses",Assistance_Log!$B$5:$B$367,">="&Households!F6)) -> 0 | I6: =IF($A6="","",MAX(0,G6-H6)) -> 0 | J6: =IF($A6="","",IF(AND(OR(Households!C6="Tent",Households!C6="Makeshift shelter"),Households!D6="Damaged"),Settings!$B$11,0)) -> 0 | K6: =IF($A6="","",SUMIFS(Assistance_Log!$F$5:$F$367,Assistance_Log!$C$5:$C$367,$A6,Assistance_Log!$E$5:$E$367,"Tarpaulins",Assistance_Log!$B$5:$B$367,">="&Households!F6)) -> 0 | L6: =IF($A6="","",MAX(0,J6-K6)) -> 0 | M6: =IF($A6="","",IF(AND(OR(Households!C6="Tent",Households!C6="Makeshift shelter"),Households!D6="Unusable"),Settings!$B$12,0)) -> 0 | N6: =IF($A6="","",SUMIFS(Assistance_Log!$F$5:$F$367,Assistance_Log!$C$5:$C$367,$A6,Assistance_Log!$E$5:$E$367,"Tent replacement",Assistance_Log!$B$5:$B$367,">="&Households!F6)) -> 0 | O6: =IF($A6="","",MAX(0,M6-N6)) -> 0 | P6: =IF($A6="","",IF(Households!D6="Damaged",Settings!$B$13,0)) -> 0 | Q6: =IF($A6="","",SUMIFS(Assistance_Log!$F$5:$F$367,Assistance_Log!$C$5:$C$367,$A6,Assistance_Log!$E$5:$E$367,"Shelter repair kits",Assistance_Log!$B$5:$B$367,">="&Households!F6)) -> 0 | R6: =IF($A6="","",MAX(0,P6-Q6)) -> 0 | S6: =IF($A6="","",Households!S6*Settings!$B$14) -> 0 | T6: =IF($A6="","",SUMIFS(Assistance_Log!$F$5:$F$367,Assistance_Log!$C$5:$C$367,$A6,Assistance_Log!$E$5:$E$367,"Winter clothing – children",Assistance_Log!$B$5:$B$367,">="&Households!F6)) -> 0 | U6: =IF($A6="","",MAX(0,S6-T6)) -> 0 | V6: =IF($A6="","",Households!T6*Settings!$B$14) -> 1 | W6: =IF($A6="","",SUMIFS(Assistance_Log!$F$5:$F$367,Assistance_Log!$C$5:$C$367,$A6,Assistance_Log!$E$5:$E$367,"Winter clothing – adults",Assistance_Log!$B$5:$B$367,">="&Households!F6)) -> 0 | X6: =IF($A6="","",MAX(0,V6-W6)) -> 1 | Y6: =IF($A6="","",Households!J6*Settings!$B$15) -> 0 | Z6: =IF($A6="","",SUMIFS(Assistance_Log!$F$5:$F$367,Assistance_Log!$C$5:$C$367,$A6,Assistance_Log!$E$5:$E$367,"Diapers",Assistance_Log!$B$5:$B$367,">="&Households!F6)) -> 0 | AA6: =IF($A6="","",MAX(0,Y6-Z6)) -> 0 | AB6: =IF($A6="","",Settings!$B$16) -> 1 | AC6: =IF($A6="","",SUMIFS(Assistance_Log!$F$5:$F$367,Assistance_Log!$C$5:$C$367,$A6,Assistance_Log!$E$5:$E$367,"Family hygiene kits",Assistance_Log!$B$5:$B$367,">="&Households!F6)) -> 0 | AD6: =IF($A6="","",MAX(0,AB6-AC6)) -> 1 | AE6: =IF($A6="","",Households!N6*Settings!$B$17) -> 2 | AF6: =IF($A6="","",SUMIFS(Assistance_Log!$F$5:$F$367,Assistance_Log!$C$5:$C$367,$A6,Assistance_Log!$E$5:$E$367,"Menstrual hygiene kits",Assistance_Log!$B$5:$B$367,">="&Households!F6)) -> 2 | AG6: =IF($A6="","",MAX(0,AE6-AF6)) -> 0 | AH6: =IF($A6="","",IF(F6+I6+L6+O6+R6+U6+X6+AA6+AD6+AG6>0,"Yes","No")) -> Yes | AI6: =IF($A6="","",(F6>0)+(I6>0)+(L6>0)+(O6>0)+(R6>0)+(U6>0)+(X6>0)+(AA6>0)+(AD6>0)+(AG6>0)) -> 3
A7: =IF(Households!A7="","",Households!A7) -> HH-003 | B7: =IF($A7="","",Households!B7) -> Site A – School Shelter | C7: =IF($A7="","",Households!X7) -> Low | D7: =IF($A7="","",MAX(0,Households!H7*Settings!$B$9-Households!Q7)) -> 7 | E7: =IF($A7="","",SUMIFS(Assistance_Log!$F$5:$F$367,Assistance_Log!$C$5:$C$367,$A7,Assistance_Log!$E$5:$E$367,"Blankets",Assistance_Log!$B$5:$B$367,">="&Households!F7)) -> 7 | F7: =IF($A7="","",MAX(0,D7-E7)) -> 0 | G7: =IF($A7="","",MAX(0,Households!H7*Settings!$B$10-Households!R7)) -> 6 | H7: =IF($A7="","",SUMIFS(Assistance_Log!$F$5:$F$367,Assistance_Log!$C$5:$C$367,$A7,Assistance_Log!$E$5:$E$367,"Mattresses",Assistance_Log!$B$5:$B$367,">="&Households!F7)) -> 6 | I7: =IF($A7="","",MAX(0,G7-H7)) -> 0 | J7: =IF($A7="","",IF(AND(OR(Households!C7="Tent",Households!C7="Makeshift shelter"),Households!D7="Damaged"),Settings!$B$11,0)) -> 0 | K7: =IF($A7="","",SUMIFS(Assistance_Log!$F$5:$F$367,Assistance_Log!$C$5:$C$367,$A7,Assistance_Log!$E$5:$E$367,"Tarpaulins",Assistance_Log!$B$5:$B$367,">="&Households!F7)) -> 0 | L7: =IF($A7="","",MAX(0,J7-K7)) -> 0 | M7: =IF($A7="","",IF(AND(OR(Households!C7="Tent",Households!C7="Makeshift shelter"),Households!D7="Unusable"),Settings!$B$12,0)) -> 0 | N7: =IF($A7="","",SUMIFS(Assistance_Log!$F$5:$F$367,Assistance_Log!$C$5:$C$367,$A7,Assistance_Log!$E$5:$E$367,"Tent replacement",Assistance_Log!$B$5:$B$367,">="&Households!F7)) -> 0 | O7: =IF($A7="","",MAX(0,M7-N7)) -> 0 | P7: =IF($A7="","",IF(Households!D7="Damaged",Settings!$B$13,0)) -> 0 | Q7: =IF($A7="","",SUMIFS(Assistance_Log!$F$5:$F$367,Assistance_Log!$C$5:$C$367,$A7,Assistance_Log!$E$5:$E$367,"Shelter repair kits",Assistance_Log!$B$5:$B$367,">="&Households!F7)) -> 0 | R7: =IF($A7="","",MAX(0,P7-Q7)) -> 0 | S7: =IF($A7="","",Households!S7*Settings!$B$14) -> 1 | T7: =IF($A7="","",SUMIFS(Assistance_Log!$F$5:$F$367,Assistance_Log!$C$5:$C$367,$A7,Assistance_Log!$E$5:$E$367,"Winter clothing – children",Assistance_Log!$B$5:$B$367,">="&Households!F7)) -> 0 | U7: =IF($A7="","",MAX(0,S7-T7)) -> 1 | V7: =IF($A7="","",Households!T7*Settings!$B$14) -> 0 | W7: =IF($A7="","",SUMIFS(Assistance_Log!$F$5:$F$367,Assistance_Log!$C$5:$C$367,$A7,Assistance_Log!$E$5:$E$367,"Winter clothing – adults",Assistance_Log!$B$5:$B$367,">="&Households!F7)) -> 0 | X7: =IF($A7="","",MAX(0,V7-W7)) -> 0 | Y7: =IF($A7="","",Households!J7*Settings!$B$15) -> 0 | Z7: =IF($A7="","",SUMIFS(Assistance_Log!$F$5:$F$367,Assistance_Log!$C$5:$C$367,$A7,Assistance_Log!$E$5:$E$367,"Diapers",Assistance_Log!$B$5:$B$367,">="&Households!F7)) -> 0 | AA7: =IF($A7="","",MAX(0,Y7-Z7)) -> 0 | AB7: =IF($A7="","",Settings!$B$16) -> 1 | AC7: =IF($A7="","",SUMIFS(Assistance_Log!$F$5:$F$367,Assistance_Log!$C$5:$C$367,$A7,Assistance_Log!$E$5:$E$367,"Family hygiene kits",Assistance_Log!$B$5:$B$367,">="&Households!F7)) -> 1 | AD7: =IF($A7="","",MAX(0,AB7-AC7)) -> 0 | AE7: =IF($A7="","",Households!N7*Settings!$B$17) -> 1 | AF7: =IF($A7="","",SUMIFS(Assistance_Log!$F$5:$F$367,Assistance_Log!$C$5:$C$367,$A7,Assistance_Log!$E$5:$E$367,"Menstrual hygiene kits",Assistance_Log!$B$5:$B$367,">="&Households!F7)) -> 1 | AG7: =IF($A7="","",MAX(0,AE7-AF7)) -> 0 | AH7: =IF($A7="","",IF(F7+I7+L7+O7+R7+U7+X7+AA7+AD7+AG7>0,"Yes","No")) -> Yes | AI7: =IF($A7="","",(F7>0)+(I7>0)+(L7>0)+(O7>0)+(R7>0)+(U7>0)+(X7>0)+(AA7>0)+(AD7>0)+(AG7>0)) -> 1
A8: =IF(Households!A8="","",Households!A8) -> HH-004 | B8: =IF($A8="","",Households!B8) -> Site A – School Shelter | C8: =IF($A8="","",Households!X8) -> Medium | D8: =IF($A8="","",MAX(0,Households!H8*Settings!$B$9-Households!Q8)) -> 12 | E8: =IF($A8="","",SUMIFS(Assistance_Log!$F$5:$F$367,Assistance_Log!$C$5:$C$367,$A8,Assistance_Log!$E$5:$E$367,"Blankets",Assistance_Log!$B$5:$B$367,">="&Households!F8)) -> 12 | F8: =IF($A8="","",MAX(0,D8-E8)) -> 0 | G8: =IF($A8="","",MAX(0,Households!H8*Settings!$B$10-Households!R8)) -> 4 | H8: =IF($A8="","",SUMIFS(Assistance_Log!$F$5:$F$367,Assistance_Log!$C$5:$C$367,$A8,Assistance_Log!$E$5:$E$367,"Mattresses",Assistance_Log!$B$5:$B$367,">="&Households!F8)) -> 4 | I8: =IF($A8="","",MAX(0,G8-H8)) -> 0 | J8: =IF($A8="","",IF(AND(OR(Households!C8="Tent",Households!C8="Makeshift shelter"),Households!D8="Damaged"),Settings!$B$11,0)) -> 0 | K8: =IF($A8="","",SUMIFS(Assistance_Log!$F$5:$F$367,Assistance_Log!$C$5:$C$367,$A8,Assistance_Log!$E$5:$E$367,"Tarpaulins",Assistance_Log!$B$5:$B$367,">="&Households!F8)) -> 0 | L8: =IF($A8="","",MAX(0,J8-K8)) -> 0 | M8: =IF($A8="","",IF(AND(OR(Households!C8="Tent",Households!C8="Makeshift shelter"),Households!D8="Unusable"),Settings!$B$12,0)) -> 0 | N8: =IF($A8="","",SUMIFS(Assistance_Log!$F$5:$F$367,Assistance_Log!$C$5:$C$367,$A8,Assistance_Log!$E$5:$E$367,"Tent replacement",Assistance_Log!$B$5:$B$367,">="&Households!F8)) -> 0 | O8: =IF($A8="","",MAX(0,M8-N8)) -> 0 | P8: =IF($A8="","",IF(Households!D8="Damaged",Settings!$B$13,0)) -> 0 | Q8: =IF($A8="","",SUMIFS(Assistance_Log!$F$5:$F$367,Assistance_Log!$C$5:$C$367,$A8,Assistance_Log!$E$5:$E$367,"Shelter repair kits",Assistance_Log!$B$5:$B$367,">="&Households!F8)) -> 0 | R8: =IF($A8="","",MAX(0,P8-Q8)) -> 0 | S8: =IF($A8="","",Households!S8*Settings!$B$14) -> 5 | T8: =IF($A8="","",SUMIFS(Assistance_Log!$F$5:$F$367,Assistance_Log!$C$5:$C$367,$A8,Assistance_Log!$E$5:$E$367,"Winter clothing – children",Assistance_Log!$B$5:$B$367,">="&Households!F8)) -> 5 | U8: =IF($A8="","",MAX(0,S8-T8)) -> 0 | V8: =IF($A8="","",Households!T8*Settings!$B$14) -> 0 | W8: =IF($A8="","",SUMIFS(Assistance_Log!$F$5:$F$367,Assistance_Log!$C$5:$C$367,$A8,Assistance_Log!$E$5:$E$367,"Winter clothing – adults",Assistance_Log!$B$5:$B$367,">="&Households!F8)) -> 0 | X8: =IF($A8="","",MAX(0,V8-W8)) -> 0 | Y8: =IF($A8="","",Households!J8*Settings!$B$15) -> 8 | Z8: =IF($A8="","",SUMIFS(Assistance_Log!$F$5:$F$367,Assistance_Log!$C$5:$C$367,$A8,Assistance_Log!$E$5:$E$367,"Diapers",Assistance_Log!$B$5:$B$367,">="&Households!F8)) -> 0 | AA8: =IF($A8="","",MAX(0,Y8-Z8)) -> 8 | AB8: =IF($A8="","",Settings!$B$16) -> 1 | AC8: =IF($A8="","",SUMIFS(Assistance_Log!$F$5:$F$367,Assistance_Log!$C$5:$C$367,$A8,Assistance_Log!$E$5:$E$367,"Family hygiene kits",Assistance_Log!$B$5:$B$367,">="&Households!F8)) -> 1 | AD8: =IF($A8="","",MAX(0,AB8-AC8)) -> 0 | AE8: =IF($A8="","",Households!N8*Settings!$B$17) -> 1 | AF8: =IF($A8="","",SUMIFS(Assistance_Log!$F$5:$F$367,Assistance_Log!$C$5:$C$367,$A8,Assistance_Log!$E$5:$E$367,"Menstrual hygiene kits",Assistance_Log!$B$5:$B$367,">="&Households!F8)) -> 0 | AG8: =IF($A8="","",MAX(0,AE8-AF8)) -> 1 | AH8: =IF($A8="","",IF(F8+I8+L8+O8+R8+U8+X8+AA8+AD8+AG8>0,"Yes","No")) -> Yes | AI8: =IF($A8="","",(F8>0)+(I8>0)+(L8>0)+(O8>0)+(R8>0)+(U8>0)+(X8>0)+(AA8>0)+(AD8>0)+(AG8>0)) -> 2
A9: =IF(Households!A9="","",Households!A9) -> HH-005 | B9: =IF($A9="","",Households!B9) -> Site A – School Shelter | C9: =IF($A9="","",Households!X9) -> Medium | D9: =IF($A9="","",MAX(0,Households!H9*Settings!$B$9-Households!Q9)) -> 6 | E9: =IF($A9="","",SUMIFS(Assistance_Log!$F$5:$F$367,Assistance_Log!$C$5:$C$367,$A9,Assistance_Log!$E$5:$E$367,"Blankets",Assistance_Log!$B$5:$B$367,">="&Households!F9)) -> 0 | F9: =IF($A9="","",MAX(0,D9-E9)) -> 6 | G9: =IF($A9="","",MAX(0,Households!H9*Settings!$B$10-Households!R9)) -> 3 | H9: =IF($A9="","",SUMIFS(Assistance_Log!$F$5:$F$367,Assistance_Log!$C$5:$C$367,$A9,Assistance_Log!$E$5:$E$367,"Mattresses",Assistance_Log!$B$5:$B$367,">="&Households!F9)) -> 3 | I9: =IF($A9="","",MAX(0,G9-H9)) -> 0 | J9: =IF($A9="","",IF(AND(OR(Households!C9="Tent",Households!C9="Makeshift shelter"),Households!D9="Damaged"),Settings!$B$11,0)) -> 0 | K9: =IF($A9="","",SUMIFS(Assistance_Log!$F$5:$F$367,Assistance_Log!$C$5:$C$367,$A9,Assistance_Log!$E$5:$E$367,"Tarpaulins",Assistance_Log!$B$5:$B$367,">="&Households!F9)) -> 0 | L9: =IF($A9="","",MAX(0,J9-K9)) -> 0 | M9: =IF($A9="","",IF(AND(OR(Households!C9="Tent",Households!C9="Makeshift shelter"),Households!D9="Unusable"),Settings!$B$12,0)) -> 0 | N9: =IF($A9="","",SUMIFS(Assistance_Log!$F$5:$F$367,Assistance_Log!$C$5:$C$367,$A9,Assistance_Log!$E$5:$E$367,"Tent replacement",Assistance_Log!$B$5:$B$367,">="&Households!F9)) -> 0 | O9: =IF($A9="","",MAX(0,M9-N9)) -> 0 | P9: =IF($A9="","",IF(Households!D9="Damaged",Settings!$B$13,0)) -> 0 | Q9: =IF($A9="","",SUMIFS(Assistance_Log!$F$5:$F$367,Assistance_Log!$C$5:$C$367,$A9,Assistance_Log!$E$5:$E$367,"Shelter repair kits",Assistance_Log!$B$5:$B$367,">="&Households!F9)) -> 0 | R9: =IF($A9="","",MAX(0,P9-Q9)) -> 0 | S9: =IF($A9="","",Households!S9*Settings!$B$14) -> 3 | T9: =IF($A9="","",SUMIFS(Assistance_Log!$F$5:$F$367,Assistance_Log!$C$5:$C$367,$A9,Assistance_Log!$E$5:$E$367,"Winter clothing – children",Assistance_Log!$B$5:$B$367,">="&Households!F9)) -> 0 | U9: =IF($A9="","",MAX(0,S9-T9)) -> 3 | V9: =IF($A9="","",Households!T9*Settings!$B$14) -> 0 | W9: =IF($A9="","",SUMIFS(Assistance_Log!$F$5:$F$367,Assistance_Log!$C$5:$C$367,$A9,Assistance_Log!$E$5:$E$367,"Winter clothing – adults",Assistance_Log!$B$5:$B$367,">="&Households!F9)) -> 0 | X9: =IF($A9="","",MAX(0,V9-W9)) -> 0 | Y9: =IF($A9="","",Households!J9*Settings!$B$15) -> 4 | Z9: =IF($A9="","",SUMIFS(Assistance_Log!$F$5:$F$367,Assistance_Log!$C$5:$C$367,$A9,Assistance_Log!$E$5:$E$367,"Diapers",Assistance_Log!$B$5:$B$367,">="&Households!F9)) -> 0 | AA9: =IF($A9="","",MAX(0,Y9-Z9)) -> 4 | AB9: =IF($A9="","",Settings!$B$16) -> 1 | AC9: =IF($A9="","",SUMIFS(Assistance_Log!$F$5:$F$367,Assistance_Log!$C$5:$C$367,$A9,Assistance_Log!$E$5:$E$367,"Family hygiene kits",Assistance_Log!$B$5:$B$367,">="&Households!F9)) -> 0 | AD9: =IF($A9="","",MAX(0,AB9-AC9)) -> 1 | AE9: =IF($A9="","",Households!N9*Settings!$B$17) -> 1 | AF9: =IF($A9="","",SUMIFS(Assistance_Log!$F$5:$F$367,Assistance_Log!$C$5:$C$367,$A9,Assistance_Log!$E$5:$E$367,"Menstrual hygiene kits",Assistance_Log!$B$5:$B$367,">="&Households!F9)) -> 0 | AG9: =IF($A9="","",MAX(0,AE9-AF9)) -> 1 | AH9: =IF($A9="","",IF(F9+I9+L9+O9+R9+U9+X9+AA9+AD9+AG9>0,"Yes","No")) -> Yes | AI9: =IF($A9="","",(F9>0)+(I9>0)+(L9>0)+(O9>0)+(R9>0)+(U9>0)+(X9>0)+(AA9>0)+(AD9>0)+(AG9>0)) -> 5
A10: =IF(Households!A10="","",Households!A10) -> HH-006 | B10: =IF($A10="","",Households!B10) -> Site A – School Shelter | C10: =IF($A10="","",Households!X10) -> High | D10: =IF($A10="","",MAX(0,Households!H10*Settings!$B$9-Households!Q10)) -> 11 | E10: =IF($A10="","",SUMIFS(Assistance_Log!$F$5:$F$367,Assistance_Log!$C$5:$C$367,$A10,Assistance_Log!$E$5:$E$367,"Blankets",Assistance_Log!$B$5:$B$367,">="&Households!F10)) -> 0 | F10: =IF($A10="","",MAX(0,D10-E10)) -> 11 | G10: =IF($A10="","",MAX(0,Households!H10*Settings!$B$10-Households!R10)) -> 7 | H10: =IF($A10="","",SUMIFS(Assistance_Log!$F$5:$F$367,Assistance_Log!$C$5:$C$367,$A10,Assistance_Log!$E$5:$E$367,"Mattresses",Assistance_Log!$B$5:$B$367,">="&Households!F10)) -> 3 | I10: =IF($A10="","",MAX(0,G10-H10)) -> 4 | J10: =IF($A10="","",IF(AND(OR(Households!C10="Tent",Households!C10="Makeshift shelter"),Households!D10="Damaged"),Settings!$B$11,0)) -> 0 | K10: =IF($A10="","",SUMIFS(Assistance_Log!$F$5:$F$367,Assistance_Log!$C$5:$C$367,$A10,Assistance_Log!$E$5:$E$367,"Tarpaulins",Assistance_Log!$B$5:$B$367,">="&Households!F10)) -> 0 | L10: =IF($A10="","",MAX(0,J10-K10)) -> 0 | M10: =IF($A10="","",IF(AND(OR(Households!C10="Tent",Households!C10="Makeshift shelter"),Households!D10="Unusable"),Settings!$B$12,0)) -> 0 | N10: =IF($A10="","",SUMIFS(Assistance_Log!$F$5:$F$367,Assistance_Log!$C$5:$C$367,$A10,Assistance_Log!$E$5:$E$367,"Tent replacement",Assistance_Log!$B$5:$B$367,">="&Households!F10)) -> 0 | O10: =IF($A10="","",MAX(0,M10-N10)) -> 0 | P10: =IF($A10="","",IF(Households!D10="Damaged",Settings!$B$13,0)) -> 0 | Q10: =IF($A10="","",SUMIFS(Assistance_Log!$F$5:$F$367,Assistance_Log!$C$5:$C$367,$A10,Assistance_Log!$E$5:$E$367,"Shelter repair kits",Assistance_Log!$B$5:$B$367,">="&Households!F10)) -> 0 | R10: =IF($A10="","",MAX(0,P10-Q10)) -> 0 | S10: =IF($A10="","",Households!S10*Settings!$B$14) -> 6 | T10: =IF($A10="","",SUMIFS(Assistance_Log!$F$5:$F$367,Assistance_Log!$C$5:$C$367,$A10,Assistance_Log!$E$5:$E$367,"Winter clothing – children",Assistance_Log!$B$5:$B$367,">="&Households!F10)) -> 0 | U10: =IF($A10="","",MAX(0,S10-T10)) -> 6 | V10: =IF($A10="","",Households!T10*Settings!$B$14) -> 2 | W10: =IF($A10="","",SUMIFS(Assistance_Log!$F$5:$F$367,Assistance_Log!$C$5:$C$367,$A10,Assistance_Log!$E$5:$E$367,"Winter clothing – adults",Assistance_Log!$B$5:$B$367,">="&Households!F10)) -> 0 | X10: =IF($A10="","",MAX(0,V10-W10)) -> 2 | Y10: =IF($A10="","",Households!J10*Settings!$B$15) -> 4 | Z10: =IF($A10="","",SUMIFS(Assistance_Log!$F$5:$F$367,Assistance_Log!$C$5:$C$367,$A10,Assistance_Log!$E$5:$E$367,"Diapers",Assistance_Log!$B$5:$B$367,">="&Households!F10)) -> 0 | AA10: =IF($A10="","",MAX(0,Y10-Z10)) -> 4 | AB10: =IF($A10="","",Settings!$B$16) -> 1 | AC10: =IF($A10="","",SUMIFS(Assistance_Log!$F$5:$F$367,Assistance_Log!$C$5:$C$367,$A10,Assistance_Log!$E$5:$E$367,"Family hygiene kits",Assistance_Log!$B$5:$B$367,">="&Households!F10)) -> 1 | AD10: =IF($A10="","",MAX(0,AB10-AC10)) -> 0 | AE10: =IF($A10="","",Households!N10*Settings!$B$17) -> 2 | AF10: =IF($A10="","",SUMIFS(Assistance_Log!$F$5:$F$367,Assistance_Log!$C$5:$C$367,$A10,Assistance_Log!$E$5:$E$367,"Menstrual hygiene kits",Assistance_Log!$B$5:$B$367,">="&Households!F10)) -> 0 | AG10: =IF($A10="","",MAX(0,AE10-AF10)) -> 2 | AH10: =IF($A10="","",IF(F10+I10+L10+O10+R10+U10+X10+AA10+AD10+AG10>0,"Yes","No")) -> Yes | AI10: =IF($A10="","",(F10>0)+(I10>0)+(L10>0)+(O10>0)+(R10>0)+(U10>0)+(X10>0)+(AA10>0)+(AD10>0)+(AG10>0)) -> 6
A11: =IF(Households!A11="","",Households!A11) -> HH-007 | B11: =IF($A11="","",Households!B11) -> Site A – School Shelter | C11: =IF($A11="","",Households!X11) -> Medium | D11: =IF($A11="","",MAX(0,Households!H11*Settings!$B$9-Households!Q11)) -> 6 | E11: =IF($A11="","",SUMIFS(Assistance_Log!$F$5:$F$367,Assistance_Log!$C$5:$C$367,$A11,Assistance_Log!$E$5:$E$367,"Blankets",Assistance_Log!$B$5:$B$367,">="&Households!F11)) -> 0 | F11: =IF($A11="","",MAX(0,D11-E11)) -> 6 | G11: =IF($A11="","",MAX(0,Households!H11*Settings!$B$10-Households!R11)) -> 1 | H11: =IF($A11="","",SUMIFS(Assistance_Log!$F$5:$F$367,Assistance_Log!$C$5:$C$367,$A11,Assistance_Log!$E$5:$E$367,"Mattresses",Assistance_Log!$B$5:$B$367,">="&Households!F11)) -> 1 | I11: =IF($A11="","",MAX(0,G11-H11)) -> 0 | J11: =IF($A11="","",IF(AND(OR(Households!C11="Tent",Households!C11="Makeshift shelter"),Households!D11="Damaged"),Settings!$B$11,0)) -> 0 | K11: =IF($A11="","",SUMIFS(Assistance_Log!$F$5:$F$367,Assistance_Log!$C$5:$C$367,$A11,Assistance_Log!$E$5:$E$367,"Tarpaulins",Assistance_Log!$B$5:$B$367,">="&Households!F11)) -> 0 | L11: =IF($A11="","",MAX(0,J11-K11)) -> 0 | M11: =IF($A11="","",IF(AND(OR(Households!C11="Tent",Households!C11="Makeshift shelter"),Households!D11="Unusable"),Settings!$B$12,0)) -> 0 | N11: =IF($A11="","",SUMIFS(Assistance_Log!$F$5:$F$367,Assistance_Log!$C$5:$C$367,$A11,Assistance_Log!$E$5:$E$367,"Tent replacement",Assistance_Log!$B$5:$B$367,">="&Households!F11)) -> 0 | O11: =IF($A11="","",MAX(0,M11-N11)) -> 0 | P11: =IF($A11="","",IF(Households!D11="Damaged",Settings!$B$13,0)) -> 0 | Q11: =IF($A11="","",SUMIFS(Assistance_Log!$F$5:$F$367,Assistance_Log!$C$5:$C$367,$A11,Assistance_Log!$E$5:$E$367,"Shelter repair kits",Assistance_Log!$B$5:$B$367,">="&Households!F11)) -> 0 | R11: =IF($A11="","",MAX(0,P11-Q11)) -> 0 | S11: =IF($A11="","",Households!S11*Settings!$B$14) -> 5 | T11: =IF($A11="","",SUMIFS(Assistance_Log!$F$5:$F$367,Assistance_Log!$C$5:$C$367,$A11,Assistance_Log!$E$5:$E$367,"Winter clothing – children",Assistance_Log!$B$5:$B$367,">="&Households!F11)) -> 0 | U11: =IF($A11="","",MAX(0,S11-T11)) -> 5 | V11: =IF($A11="","",Households!T11*Settings!$B$14) -> 1 | W11: =IF($A11="","",SUMIFS(Assistance_Log!$F$5:$F$367,Assistance_Log!$C$5:$C$367,$A11,Assistance_Log!$E$5:$E$367,"Winter clothing – adults",Assistance_Log!$B$5:$B$367,">="&Households!F11)) -> 0 | X11: =IF($A11="","",MAX(0,V11-W11)) -> 1 | Y11: =IF($A11="","",Households!J11*Settings!$B$15) -> 4 | Z11: =IF($A11="","",SUMIFS(Assistance_Log!$F$5:$F$367,Assistance_Log!$C$5:$C$367,$A11,Assistance_Log!$E$5:$E$367,"Diapers",Assistance_Log!$B$5:$B$367,">="&Households!F11)) -> 0 | AA11: =IF($A11="","",MAX(0,Y11-Z11)) -> 4 | AB11: =IF($A11="","",Settings!$B$16) -> 1 | AC11: =IF($A11="","",SUMIFS(Assistance_Log!$F$5:$F$367,Assistance_Log!$C$5:$C$367,$A11,Assistance_Log!$E$5:$E$367,"Family hygiene kits",Assistance_Log!$B$5:$B$367,">="&Households!F11)) -> 0 | AD11: =IF($A11="","",MAX(0,AB11-AC11)) -> 1 | AE11: =IF($A11="","",Households!N11*Settings!$B$17) -> 1 | AF11: =IF($A11="","",SUMIFS(Assistance_Log!$F$5:$F$367,Assistance_Log!$C$5:$C$367,$A11,Assistance_Log!$E$5:$E$367,"Menstrual hygiene kits",Assistance_Log!$B$5:$B$367,">="&Households!F11)) -> 1 | AG11: =IF($A11="","",MAX(0,AE11-AF11)) -> 0 | AH11: =IF($A11="","",IF(F11+I11+L11+O11+R11+U11+X11+AA11+AD11+AG11>0,"Yes","No")) -> Yes | AI11: =IF($A11="","",(F11>0)+(I11>0)+(L11>0)+(O11>0)+(R11>0)+(U11>0)+(X11>0)+(AA11>0)+(AD11>0)+(AG11>0)) -> 5
A12: =IF(Households!A12="","",Households!A12) -> HH-008 | B12: =IF($A12="","",Households!B12) -> Site A – School Shelter | C12: =IF($A12="","",Households!X12) -> Medium | D12: =IF($A12="","",MAX(0,Households!H12*Settings!$B$9-Households!Q12)) -> 8 | E12: =IF($A12="","",SUMIFS(Assistance_Log!$F$5:$F$367,Assistance_Log!$C$5:$C$367,$A12,Assistance_Log!$E$5:$E$367,"Blankets",Assistance_Log!$B$5:$B$367,">="&Households!F12)) -> 0 | F12: =IF($A12="","",MAX(0,D12-E12)) -> 8 | G12: =IF($A12="","",MAX(0,Households!H12*Settings!$B$10-Households!R12)) -> 3 | H12: =IF($A12="","",SUMIFS(Assistance_Log!$F$5:$F$367,Assistance_Log!$C$5:$C$367,$A12,Assistance_Log!$E$5:$E$367,"Mattresses",Assistance_Log!$B$5:$B$367,">="&Households!F12)) -> 0 | I12: =IF($A12="","",MAX(0,G12-H12)) -> 3 | J12: =IF($A12="","",IF(AND(OR(Households!C12="Tent",Households!C12="Makeshift shelter"),Households!D12="Damaged"),Settings!$B$11,0)) -> 0 | K12: =IF($A12="","",SUMIFS(Assistance_Log!$F$5:$F$367,Assistance_Log!$C$5:$C$367,$A12,Assistance_Log!$E$5:$E$367,"Tarpaulins",Assistance_Log!$B$5:$B$367,">="&Households!F12)) -> 0 | L12: =IF($A12="","",MAX(0,J12-K12)) -> 0 | M12: =IF($A12="","",IF(AND(OR(Households!C12="Tent",Households!C12="Makeshift shelter"),Households!D12="Unusable"),Settings!$B$12,0)) -> 0 | N12: =IF($A12="","",SUMIFS(Assistance_Log!$F$5:$F$367,Assistance_Log!$C$5:$C$367,$A12,Assistance_Log!$E$5:$E$367,"Tent replacement",Assistance_Log!$B$5:$B$367,">="&Households!F12)) -> 0 | O12: =IF($A12="","",MAX(0,M12-N12)) -> 0 | P12: =IF($A12="","",IF(Households!D12="Damaged",Settings!$B$13,0)) -> 0 | Q12: =IF($A12="","",SUMIFS(Assistance_Log!$F$5:$F$367,Assistance_Log!$C$5:$C$367,$A12,Assistance_Log!$E$5:$E$367,"Shelter repair kits",Assistance_Log!$B$5:$B$367,">="&Households!F12)) -> 0 | R12: =IF($A12="","",MAX(0,P12-Q12)) -> 0 | S12: =IF($A12="","",Households!S12*Settings!$B$14) -> 4 | T12: =IF($A12="","",SUMIFS(Assistance_Log!$F$5:$F$367,Assistance_Log!$C$5:$C$367,$A12,Assistance_Log!$E$5:$E$367,"Winter clothing – children",Assistance_Log!$B$5:$B$367,">="&Households!F12)) -> 4 | U12: =IF($A12="","",MAX(0,S12-T12)) -> 0 | V12: =IF($A12="","",Households!T12*Settings!$B$14) -> 0 | W12: =IF($A12="","",SUMIFS(Assistance_Log!$F$5:$F$367,Assistance_Log!$C$5:$C$367,$A12,Assistance_Log!$E$5:$E$367,"Winter clothing – adults",Assistance_Log!$B$5:$B$367,">="&Households!F12)) -> 0 | X12: =IF($A12="","",MAX(0,V12-W12)) -> 0 | Y12: =IF($A12="","",Households!J12*Settings!$B$15) -> 4 | Z12: =IF($A12="","",SUMIFS(Assistance_Log!$F$5:$F$367,Assistance_Log!$C$5:$C$367,$A12,Assistance_Log!$E$5:$E$367,"Diapers",Assistance_Log!$B$5:$B$367,">="&Households!F12)) -> 0 | AA12: =IF($A12="","",MAX(0,Y12-Z12)) -> 4 | AB12: =IF($A12="","",Settings!$B$16) -> 1 | AC12: =IF($A12="","",SUMIFS(Assistance_Log!$F$5:$F$367,Assistance_Log!$C$5:$C$367,$A12,Assistance_Log!$E$5:$E$367,"Family hygiene kits",Assistance_Log!$B$5:$B$367,">="&Households!F12)) -> 1 | AD12: =IF($A12="","",MAX(0,AB12-AC12)) -> 0 | AE12: =IF($A12="","",Households!N12*Settings!$B$17) -> 1 | AF12: =IF($A12="","",SUMIFS(Assistance_Log!$F$5:$F$367,Assistance_Log!$C$5:$C$367,$A12,Assistance_Log!$E$5:$E$367,"Menstrual hygiene kits",Assistance_Log!$B$5:$B$367,">="&Households!F12)) -> 0 | AG12: =IF($A12="","",MAX(0,AE12-AF12)) -> 1 | AH12: =IF($A12="","",IF(F12+I12+L12+O12+R12+U12+X12+AA12+AD12+AG12>0,"Yes","No")) -> Yes | AI12: =IF($A12="","",(F12>0)+(I12>0)+(L12>0)+(O12>0)+(R12>0)+(U12>0)+(X12>0)+(AA12>0)+(AD12>0)+(AG12>0)) -> 4
A13: =IF(Households!A13="","",Households!A13) -> HH-009 | B13: =IF($A13="","",Households!B13) -> Site A – School Shelter | C13: =IF($A13="","",Households!X13) -> Low | D13: =IF($A13="","",MAX(0,Households!H13*Settings!$B$9-Households!Q13)) -> 13 | E13: =IF($A13="","",SUMIFS(Assistance_Log!$F$5:$F$367,Assistance_Log!$C$5:$C$367,$A13,Assistance_Log!$E$5:$E$367,"Blankets",Assistance_Log!$B$5:$B$367,">="&Households!F13)) -> 0 | F13: =IF($A13="","",MAX(0,D13-E13)) -> 13 | G13: =IF($A13="","",MAX(0,Households!H13*Settings!$B$10-Households!R13)) -> 0 | H13: =IF($A13="","",SUMIFS(Assistance_Log!$F$5:$F$367,Assistance_Log!$C$5:$C$367,$A13,Assistance_Log!$E$5:$E$367,"Mattresses",Assistance_Log!$B$5:$B$367,">="&Households!F13)) -> 0 | I13: =IF($A13="","",MAX(0,G13-H13)) -> 0 | J13: =IF($A13="","",IF(AND(OR(Households!C13="Tent",Households!C13="Makeshift shelter"),Households!D13="Damaged"),Settings!$B$11,0)) -> 0 | K13: =IF($A13="","",SUMIFS(Assistance_Log!$F$5:$F$367,Assistance_Log!$C$5:$C$367,$A13,Assistance_Log!$E$5:$E$367,"Tarpaulins",Assistance_Log!$B$5:$B$367,">="&Households!F13)) -> 0 | L13: =IF($A13="","",MAX(0,J13-K13)) -> 0 | M13: =IF($A13="","",IF(AND(OR(Households!C13="Tent",Households!C13="Makeshift shelter"),Households!D13="Unusable"),Settings!$B$12,0)) -> 0 | N13: =IF($A13="","",SUMIFS(Assistance_Log!$F$5:$F$367,Assistance_Log!$C$5:$C$367,$A13,Assistance_Log!$E$5:$E$367,"Tent replacement",Assistance_Log!$B$5:$B$367,">="&Households!F13)) -> 0 | O13: =IF($A13="","",MAX(0,M13-N13)) -> 0 | P13: =IF($A13="","",IF(Households!D13="Damaged",Settings!$B$13,0)) -> 0 | Q13: =IF($A13="","",SUMIFS(Assistance_Log!$F$5:$F$367,Assistance_Log!$C$5:$C$367,$A13,Assistance_Log!$E$5:$E$367,"Shelter repair kits",Assistance_Log!$B$5:$B$367,">="&Households!F13)) -> 0 | R13: =IF($A13="","",MAX(0,P13-Q13)) -> 0 | S13: =IF($A13="","",Households!S13*Settings!$B$14) -> 4 | T13: =IF($A13="","",SUMIFS(Assistance_Log!$F$5:$F$367,Assistance_Log!$C$5:$C$367,$A13,Assistance_Log!$E$5:$E$367,"Winter clothing – children",Assistance_Log!$B$5:$B$367,">="&Households!F13)) -> 0 | U13: =IF($A13="","",MAX(0,S13-T13)) -> 4 | V13: =IF($A13="","",Households!T13*Settings!$B$14) -> 0 | W13: =IF($A13="","",SUMIFS(Assistance_Log!$F$5:$F$367,Assistance_Log!$C$5:$C$367,$A13,Assistance_Log!$E$5:$E$367,"Winter clothing – adults",Assistance_Log!$B$5:$B$367,">="&Households!F13)) -> 0 | X13: =IF($A13="","",MAX(0,V13-W13)) -> 0 | Y13: =IF($A13="","",Households!J13*Settings!$B$15) -> 0 | Z13: =IF($A13="","",SUMIFS(Assistance_Log!$F$5:$F$367,Assistance_Log!$C$5:$C$367,$A13,Assistance_Log!$E$5:$E$367,"Diapers",Assistance_Log!$B$5:$B$367,">="&Households!F13)) -> 0 | AA13: =IF($A13="","",MAX(0,Y13-Z13)) -> 0 | AB13: =IF($A13="","",Settings!$B$16) -> 1 | AC13: =IF($A13="","",SUMIFS(Assistance_Log!$F$5:$F$367,Assistance_Log!$C$5:$C$367,$A13,Assistance_Log!$E$5:$E$367,"Family hygiene kits",Assistance_Log!$B$5:$B$367,">="&Households!F13)) -> 1 | AD13: =IF($A13="","",MAX(0,AB13-AC13)) -> 0 | AE13: =IF($A13="","",Households!N13*Settings!$B$17) -> 2 | AF13: =IF($A13="","",SUMIFS(Assistance_Log!$F$5:$F$367,Assistance_Log!$C$5:$C$367,$A13,Assistance_Log!$E$5:$E$367,"Menstrual hygiene kits",Assistance_Log!$B$5:$B$367,">="&Households!F13)) -> 0 | AG13: =IF($A13="","",MAX(0,AE13-AF13)) -> 2 | AH13: =IF($A13="","",IF(F13+I13+L13+O13+R13+U13+X13+AA13+AD13+AG13>0,"Yes","No")) -> Yes | AI13: =IF($A13="","",(F13>0)+(I13>0)+(L13>0)+(O13>0)+(R13>0)+(U13>0)+(X13>0)+(AA13>0)+(AD13>0)+(AG13>0)) -> 3
A14: =IF(Households!A14="","",Households!A14) -> HH-010 | B14: =IF($A14="","",Households!B14) -> Site A – School Shelter | C14: =IF($A14="","",Households!X14) -> Medium | D14: =IF($A14="","",MAX(0,Households!H14*Settings!$B$9-Households!Q14)) -> 18 | E14: =IF($A14="","",SUMIFS(Assistance_Log!$F$5:$F$367,Assistance_Log!$C$5:$C$367,$A14,Assistance_Log!$E$5:$E$367,"Blankets",Assistance_Log!$B$5:$B$367,">="&Households!F14)) -> 0 | F14: =IF($A14="","",MAX(0,D14-E14)) -> 18 | G14: =IF($A14="","",MAX(0,Households!H14*Settings!$B$10-Households!R14)) -> 3 | H14: =IF($A14="","",SUMIFS(Assistance_Log!$F$5:$F$367,Assistance_Log!$C$5:$C$367,$A14,Assistance_Log!$E$5:$E$367,"Mattresses",Assistance_Log!$B$5:$B$367,">="&Households!F14)) -> 0 | I14: =IF($A14="","",MAX(0,G14-H14)) -> 3 | J14: =IF($A14="","",IF(AND(OR(Households!C14="Tent",Households!C14="Makeshift shelter"),Households!D14="Damaged"),Settings!$B$11,0)) -> 0 | K14: =IF($A14="","",SUMIFS(Assistance_Log!$F$5:$F$367,Assistance_Log!$C$5:$C$367,$A14,Assistance_Log!$E$5:$E$367,"Tarpaulins",Assistance_Log!$B$5:$B$367,">="&Households!F14)) -> 0 | L14: =IF($A14="","",MAX(0,J14-K14)) -> 0 | M14: =IF($A14="","",IF(AND(OR(Households!C14="Tent",Households!C14="Makeshift shelter"),Households!D14="Unusable"),Settings!$B$12,0)) -> 0 | N14: =IF($A14="","",SUMIFS(Assistance_Log!$F$5:$F$367,Assistance_Log!$C$5:$C$367,$A14,Assistance_Log!$E$5:$E$367,"Tent replacement",Assistance_Log!$B$5:$B$367,">="&Households!F14)) -> 0 | O14: =IF($A14="","",MAX(0,M14-N14)) -> 0 | P14: =IF($A14="","",IF(Households!D14="Damaged",Settings!$B$13,0)) -> 0 | Q14: =IF($A14="","",SUMIFS(Assistance_Log!$F$5:$F$367,Assistance_Log!$C$5:$C$367,$A14,Assistance_Log!$E$5:$E$367,"Shelter repair kits",Assistance_Log!$B$5:$B$367,">="&Households!F14)) -> 0 | R14: =IF($A14="","",MAX(0,P14-Q14)) -> 0 | S14: =IF($A14="","",Households!S14*Settings!$B$14) -> 4 | T14: =IF($A14="","",SUMIFS(Assistance_Log!$F$5:$F$367,Assistance_Log!$C$5:$C$367,$A14,Assistance_Log!$E$5:$E$367,"Winter clothing – children",Assistance_Log!$B$5:$B$367,">="&Households!F14)) -> 0 | U14: =IF($A14="","",MAX(0,S14-T14)) -> 4 | V14: =IF($A14="","",Households!T14*Settings!$B$14) -> 1 | W14: =IF($A14="","",SUMIFS(Assistance_Log!$F$5:$F$367,Assistance_Log!$C$5:$C$367,$A14,Assistance_Log!$E$5:$E$367,"Winter clothing – adults",Assistance_Log!$B$5:$B$367,">="&Households!F14)) -> 0 | X14: =IF($A14="","",MAX(0,V14-W14)) -> 1 | Y14: =IF($A14="","",Households!J14*Settings!$B$15) -> 4 | Z14: =IF($A14="","",SUMIFS(Assistance_Log!$F$5:$F$367,Assistance_Log!$C$5:$C$367,$A14,Assistance_Log!$E$5:$E$367,"Diapers",Assistance_Log!$B$5:$B$367,">="&Households!F14)) -> 4 | AA14: =IF($A14="","",MAX(0,Y14-Z14)) -> 0 | AB14: =IF($A14="","",Settings!$B$16) -> 1 | AC14: =IF($A14="","",SUMIFS(Assistance_Log!$F$5:$F$367,Assistance_Log!$C$5:$C$367,$A14,Assistance_Log!$E$5:$E$367,"Family hygiene kits",Assistance_Log!$B$5:$B$367,">="&Households!F14)) -> 0 | AD14: =IF($A14="","",MAX(0,AB14-AC14)) -> 1 | AE14: =IF($A14="","",Households!N14*Settings!$B$17) -> 2 | AF14: =IF($A14="","",SUMIFS(Assistance_Log!$F$5:$F$367,Assistance_Log!$C$5:$C$367,$A14,Assistance_Log!$E$5:$E$367,"Menstrual hygiene kits",Assistance_Log!$B$5:$B$367,">="&Households!F14)) -> 0 | AG14: =IF($A14="","",MAX(0,AE14-AF14)) -> 2 | AH14: =IF($A14="","",IF(F14+I14+L14+O14+R14+U14+X14+AA14+AD14+AG14>0,"Yes","No")) -> Yes | AI14: =IF($A14="","",(F14>0)+(I14>0)+(L14>0)+(O14>0)+(R14>0)+(U14>0)+(X14>0)+(AA14>0)+(AD14>0)+(AG14>0)) -> 6
A15: =IF(Households!A15="","",Households!A15) -> HH-011 | B15: =IF($A15="","",Households!B15) -> Site A – School Shelter | C15: =IF($A15="","",Households!X15) -> Medium | D15: =IF($A15="","",MAX(0,Households!H15*Settings!$B$9-Households!Q15)) -> 16 | E15: =IF($A15="","",SUMIFS(Assistance_Log!$F$5:$F$367,Assistance_Log!$C$5:$C$367,$A15,Assistance_Log!$E$5:$E$367,"Blankets",Assistance_Log!$B$5:$B$367,">="&Households!F15)) -> 0 | F15: =IF($A15="","",MAX(0,D15-E15)) -> 16 | G15: =IF($A15="","",MAX(0,Households!H15*Settings!$B$10-Households!R15)) -> 0 | H15: =IF($A15="","",SUMIFS(Assistance_Log!$F$5:$F$367,Assistance_Log!$C$5:$C$367,$A15,Assistance_Log!$E$5:$E$367,"Mattresses",Assistance_Log!$B$5:$B$367,">="&Households!F15)) -> 0 | I15: =IF($A15="","",MAX(0,G15-H15)) -> 0 | J15: =IF($A15="","",IF(AND(OR(Households!C15="Tent",Households!C15="Makeshift shelter"),Households!D15="Damaged"),Settings!$B$11,0)) -> 0 | K15: =IF($A15="","",SUMIFS(Assistance_Log!$F$5:$F$367,Assistance_Log!$C$5:$C$367,$A15,Assistance_Log!$E$5:$E$367,"Tarpaulins",Assistance_Log!$B$5:$B$367,">="&Households!F15)) -> 0 | L15: =IF($A15="","",MAX(0,J15-K15)) -> 0 | M15: =IF($A15="","",IF(AND(OR(Households!C15="Tent",Households!C15="Makeshift shelter"),Households!D15="Unusable"),Settings!$B$12,0)) -> 0 | N15: =IF($A15="","",SUMIFS(Assistance_Log!$F$5:$F$367,Assistance_Log!$C$5:$C$367,$A15,Assistance_Log!$E$5:$E$367,"Tent replacement",Assistance_Log!$B$5:$B$367,">="&Households!F15)) -> 0 | O15: =IF($A15="","",MAX(0,M15-N15)) -> 0 | P15: =IF($A15="","",IF(Households!D15="Damaged",Settings!$B$13,0)) -> 0 | Q15: =IF($A15="","",SUMIFS(Assistance_Log!$F$5:$F$367,Assistance_Log!$C$5:$C$367,$A15,Assistance_Log!$E$5:$E$367,"Shelter repair kits",Assistance_Log!$B$5:$B$367,">="&Households!F15)) -> 0 | R15: =IF($A15="","",MAX(0,P15-Q15)) -> 0 | S15: =IF($A15="","",Households!S15*Settings!$B$14) -> 0 | T15: =IF($A15="","",SUMIFS(Assistance_Log!$F$5:$F$367,Assistance_Log!$C$5:$C$367,$A15,Assistance_Log!$E$5:$E$367,"Winter clothing – children",Assistance_Log!$B$5:$B$367,">="&Households!F15)) -> 0 | U15: =IF($A15="","",MAX(0,S15-T15)) -> 0 | V15: =IF($A15="","",Households!T15*Settings!$B$14) -> 2 | W15: =IF($A15="","",SUMIFS(Assistance_Log!$F$5:$F$367,Assistance_Log!$C$5:$C$367,$A15,Assistance_Log!$E$5:$E$367,"Winter clothing – adults",Assistance_Log!$B$5:$B$367,">="&Households!F15)) -> 0 | X15: =IF($A15="","",MAX(0,V15-W15)) -> 2 | Y15: =IF($A15="","",Households!J15*Settings!$B$15) -> 0 | Z15: =IF($A15="","",SUMIFS(Assistance_Log!$F$5:$F$367,Assistance_Log!$C$5:$C$367,$A15,Assistance_Log!$E$5:$E$367,"Diapers",Assistance_Log!$B$5:$B$367,">="&Households!F15)) -> 0 | AA15: =IF($A15="","",MAX(0,Y15-Z15)) -> 0 | AB15: =IF($A15="","",Settings!$B$16) -> 1 | AC15: =IF($A15="","",SUMIFS(Assistance_Log!$F$5:$F$367,Assistance_Log!$C$5:$C$367,$A15,Assistance_Log!$E$5:$E$367,"Family hygiene kits",Assistance_Log!$B$5:$B$367,">="&Households!F15)) -> 0 | AD15: =IF($A15="","",MAX(0,AB15-AC15)) -> 1 | AE15: =IF($A15="","",Households!N15*Settings!$B$17) -> 1 | AF15: =IF($A15="","",SUMIFS(Assistance_Log!$F$5:$F$367,Assistance_Log!$C$5:$C$367,$A15,Assistance_Log!$E$5:$E$367,"Menstrual hygiene kits",Assistance_Log!$B$5:$B$367,">="&Households!F15)) -> 0 | AG15: =IF($A15="","",MAX(0,AE15-AF15)) -> 1 | AH15: =IF($A15="","",IF(F15+I15+L15+O15+R15+U15+X15+AA15+AD15+AG15>0,"Yes","No")) -> Yes | AI15: =IF($A15="","",(F15>0)+(I15>0)+(L15>0)+(O15>0)+(R15>0)+(U15>0)+(X15>0)+(AA15>0)+(AD15>0)+(AG15>0)) -> 4
A16: =IF(Households!A16="","",Households!A16) -> HH-012 | B16: =IF($A16="","",Households!B16) -> Site A – School Shelter | C16: =IF($A16="","",Households!X16) -> Medium | D16: =IF($A16="","",MAX(0,Households!H16*Settings!$B$9-Households!Q16)) -> 1 | E16: =IF($A16="","",SUMIFS(Assistance_Log!$F$5:$F$367,Assistance_Log!$C$5:$C$367,$A16,Assistance_Log!$E$5:$E$367,"Blankets",Assistance_Log!$B$5:$B$367,">="&Households!F16)) -> 0 | F16: =IF($A16="","",MAX(0,D16-E16)) -> 1 | G16: =IF($A16="","",MAX(0,Households!H16*Settings!$B$10-Households!R16)) -> 4 | H16: =IF($A16="","",SUMIFS(Assistance_Log!$F$5:$F$367,Assistance_Log!$C$5:$C$367,$A16,Assistance_Log!$E$5:$E$367,"Mattresses",Assistance_Log!$B$5:$B$367,">="&Households!F16)) -> 0 | I16: =IF($A16="","",MAX(0,G16-H16)) -> 4 | J16: =IF($A16="","",IF(AND(OR(Households!C16="Tent",Households!C16="Makeshift shelter"),Households!D16="Damaged"),Settings!$B$11,0)) -> 0 | K16: =IF($A16="","",SUMIFS(Assistance_Log!$F$5:$F$367,Assistance_Log!$C$5:$C$367,$A16,Assistance_Log!$E$5:$E$367,"Tarpaulins",Assistance_Log!$B$5:$B$367,">="&Households!F16)) -> 0 | L16: =IF($A16="","",MAX(0,J16-K16)) -> 0 | M16: =IF($A16="","",IF(AND(OR(Households!C16="Tent",Households!C16="Makeshift shelter"),Households!D16="Unusable"),Settings!$B$12,0)) -> 0 | N16: =IF($A16="","",SUMIFS(Assistance_Log!$F$5:$F$367,Assistance_Log!$C$5:$C$367,$A16,Assistance_Log!$E$5:$E$367,"Tent replacement",Assistance_Log!$B$5:$B$367,">="&Households!F16)) -> 0 | O16: =IF($A16="","",MAX(0,M16-N16)) -> 0 | P16: =IF($A16="","",IF(Households!D16="Damaged",Settings!$B$13,0)) -> 0 | Q16: =IF($A16="","",SUMIFS(Assistance_Log!$F$5:$F$367,Assistance_Log!$C$5:$C$367,$A16,Assistance_Log!$E$5:$E$367,"Shelter repair kits",Assistance_Log!$B$5:$B$367,">="&Households!F16)) -> 0 | R16: =IF($A16="","",MAX(0,P16-Q16)) -> 0 | S16: =IF($A16="","",Households!S16*Settings!$B$14) -> 0 | T16: =IF($A16="","",SUMIFS(Assistance_Log!$F$5:$F$367,Assistance_Log!$C$5:$C$367,$A16,Assistance_Log!$E$5:$E$367,"Winter clothing – children",Assistance_Log!$B$5:$B$367,">="&Households!F16)) -> 0 | U16: =IF($A16="","",MAX(0,S16-T16)) -> 0 | V16: =IF($A16="","",Households!T16*Settings!$B$14) -> 3 | W16: =IF($A16="","",SUMIFS(Assistance_Log!$F$5:$F$367,Assistance_Log!$C$5:$C$367,$A16,Assistance_Log!$E$5:$E$367,"Winter clothing – adults",Assistance_Log!$B$5:$B$367,">="&Households!F16)) -> 3 | X16: =IF($A16="","",MAX(0,V16-W16)) -> 0 | Y16: =IF($A16="","",Households!J16*Settings!$B$15) -> 4 | Z16: =IF($A16="","",SUMIFS(Assistance_Log!$F$5:$F$367,Assistance_Log!$C$5:$C$367,$A16,Assistance_Log!$E$5:$E$367,"Diapers",Assistance_Log!$B$5:$B$367,">="&Households!F16)) -> 0 | AA16: =IF($A16="","",MAX(0,Y16-Z16)) -> 4 | AB16: =IF($A16="","",Settings!$B$16) -> 1 | AC16: =IF($A16="","",SUMIFS(Assistance_Log!$F$5:$F$367,Assistance_Log!$C$5:$C$367,$A16,Assistance_Log!$E$5:$E$367,"Family hygiene kits",Assistance_Log!$B$5:$B$367,">="&Households!F16)) -> 1 | AD16: =IF($A16="","",MAX(0,AB16-AC16)) -> 0 | AE16: =IF($A16="","",Households!N16*Settings!$B$17) -> 2 | AF16: =IF($A16="","",SUMIFS(Assistance_Log!$F$5:$F$367,Assistance_Log!$C$5:$C$367,$A16,Assistance_Log!$E$5:$E$367,"Menstrual hygiene kits",Assistance_Log!$B$5:$B$367,">="&Households!F16)) -> 0 | AG16: =IF($A16="","",MAX(0,AE16-AF16)) -> 2 | AH16: =IF($A16="","",IF(F16+I16+L16+O16+R16+U16+X16+AA16+AD16+AG16>0,"Yes","No")) -> Yes | AI16: =IF($A16="","",(F16>0)+(I16>0)+(L16>0)+(O16>0)+(R16>0)+(U16>0)+(X16>0)+(AA16>0)+(AD16>0)+(AG16>0)) -> 4
... A154: =IF(Households!A154="","",Households!A154) | B154: =IF($A154="","",Households!B154) | C154: =IF($A154="","",Households!X154) | D154: =IF($A154="","",MAX(0,Households!H154*Settings!$B$9-Households!Q154)) | E154: =IF($A154="","",SUMIFS(Assistance_Log!$F$5:$F$367,Assistance_Log!$C$5:$C$367,$A154,Assistance_Log!$E$5:$E$367,"Blankets",Assistance_Log!$B$5:$B$367,">="&Households!F154)) | F154: =IF($A154="","",MAX(0,D154-E154)) | G154: =IF($A154="","",MAX(0,Households!H154*Settings!$B$10-Households!R154)) | H154: =IF($A154="","",SUMIFS(Assistance_Log!$F$5:$F$367,Assistance_Log!$C$5:$C$367,$A154,Assistance_Log!$E$5:$E$367,"Mattresses",Assistance_Log!$B$5:$B$367,">="&Households!F154)) | I154: =IF($A154="","",MAX(0,G154-H154)) | J154: =IF($A154="","",IF(AND(OR(Households!C154="Tent",Households!C154="Makeshift shelter"),Households!D154="Damaged"),Settings!$B$11,0)) | K154: =IF($A154="","",SUMIFS(Assistance_Log!$F$5:$F$367,Assistance_Log!$C$5:$C$367,$A154,Assistance_Log!$E$5:$E$367,"Tarpaulins",Assistance_Log!$B$5:$B$367,">="&Households!F154)) | L154: =IF($A154="","",MAX(0,J154-K154)) | M154: =IF($A154="","",IF(AND(OR(Households!C154="Tent",Households!C154="Makeshift shelter"),Households!D154="Unusable"),Settings!$B$12,0)) | N154: =IF($A154="","",SUMIFS(Assistance_Log!$F$5:$F$367,Assistance_Log!$C$5:$C$367,$A154,Assistance_Log!$E$5:$E$367,"Tent replacement",Assistance_Log!$B$5:$B$367,">="&Households!F154)) | O154: =IF($A154="","",MAX(0,M154-N154)) | P154: =IF($A154="","",IF(Households!D154="Damaged",Settings!$B$13,0)) | Q154: =IF($A154="","",SUMIFS(Assistance_Log!$F$5:$F$367,Assistance_Log!$C$5:$C$367,$A154,Assistance_Log!$E$5:$E$367,"Shelter repair kits",Assistance_Log!$B$5:$B$367,">="&Households!F154)) | R154: =IF($A154="","",MAX(0,P154-Q154)) | S154: =IF($A154="","",Households!S154*Settings!$B$14) | T154: =IF($A154="","",SUMIFS(Assistance_Log!$F$5:$F$367,Assistance_Log!$C$5:$C$367,$A154,Assistance_Log!$E$5:$E$367,"Winter clothing – children",Assistance_Log!$B$5:$B$367,">="&Households!F154)) | U154: =IF($A154="","",MAX(0,S154-T154)) | V154: =IF($A154="","",Households!T154*Settings!$B$14) | W154: =IF($A154="","",SUMIFS(Assistance_Log!$F$5:$F$367,Assistance_Log!$C$5:$C$367,$A154,Assistance_Log!$E$5:$E$367,"Winter clothing – adults",Assistance_Log!$B$5:$B$367,">="&Households!F154)) | X154: =IF($A154="","",MAX(0,V154-W154)) | Y154: =IF($A154="","",Households!J154*Settings!$B$15) | Z154: =IF($A154="","",SUMIFS(Assistance_Log!$F$5:$F$367,Assistance_Log!$C$5:$C$367,$A154,Assistance_Log!$E$5:$E$367,"Diapers",Assistance_Log!$B$5:$B$367,">="&Households!F154)) | AA154: =IF($A154="","",MAX(0,Y154-Z154)) | AB154: =IF($A154="","",Settings!$B$16) | AC154: =IF($A154="","",SUMIFS(Assistance_Log!$F$5:$F$367,Assistance_Log!$C$5:$C$367,$A154,Assistance_Log!$E$5:$E$367,"Family hygiene kits",Assistance_Log!$B$5:$B$367,">="&Households!F154)) | AD154: =IF($A154="","",MAX(0,AB154-AC154)) | AE154: =IF($A154="","",Households!N154*Settings!$B$17) | AF154: =IF($A154="","",SUMIFS(Assistance_Log!$F$5:$F$367,Assistance_Log!$C$5:$C$367,$A154,Assistance_Log!$E$5:$E$367,"Menstrual hygiene kits",Assistance_Log!$B$5:$B$367,">="&Households!F154)) | AG154: =IF($A154="","",MAX(0,AE154-AF154)) | AH154: =IF($A154="","",IF(F154+I154+L154+O154+R154+U154+X154+AA154+AD154+AG154>0,"Yes","No")) | AI154: =IF($A154="","",(F154>0)+(I154>0)+(L154>0)+(O154>0)+(R154>0)+(U154>0)+(X154>0)+(AA154>0)+(AD154>0)+(AG154>0))

Sheet Assistance_Log
A1: Assistance received (synthetic distribution records)
A2: One row per delivery. Only deliveries on or after the household’s latest assessment count toward its current gap; earlier ones are already reflected in what the household reported owning.
A4: Record ID | B4: Date | C4: HH code | D4: Site (from register) | E4: Item | F4: Quantity | G4: Provider | H4: Signed receipt | I4: Counts toward current gap
A5: AR-0001 | B5: 46008 | C5: HH-008 | D5: =IFERROR(INDEX(Households!$B$5:$B$154,MATCH(C5,Households!$A$5:$A$154,0)),"Not in register") -> Site A – School Shelter | E5: Diapers | F5: 4 | G5: Agency D (Child support) – synthetic | H5: Yes | I5: =IFERROR(IF(B5>=INDEX(Households!$F$5:$F$154,MATCH(C5,Households!$A$5:$A$154,0)),"Yes","No – before latest assessment"),"") -> No – before latest assessment
A6: AR-0002 | B6: 46009 | C6: HH-029 | D6: =IFERROR(INDEX(Households!$B$5:$B$154,MATCH(C6,Households!$A$5:$A$154,0)),"Not in register") -> Site A – School Shelter | E6: Blankets | F6: 9 | G6: Agency A (NFI) – synthetic | H6: Yes | I6: =IFERROR(IF(B6>=INDEX(Households!$F$5:$F$154,MATCH(C6,Households!$A$5:$A$154,0)),"Yes","No – before latest assessment"),"") -> Yes
A7: AR-0003 | B7: 46011 | C7: HH-011 | D7: =IFERROR(INDEX(Households!$B$5:$B$154,MATCH(C7,Households!$A$5:$A$154,0)),"Not in register") -> Site A – School Shelter | E7: Mattresses | F7: 9 | G7: Agency A (NFI) – synthetic | H7: Yes | I7: =IFERROR(IF(B7>=INDEX(Households!$F$5:$F$154,MATCH(C7,Households!$A$5:$A$154,0)),"Yes","No – before latest assessment"),"") -> No – before latest assessment
A8: AR-0004 | B8: 46012 | C8: HH-008 | D8: =IFERROR(INDEX(Households!$B$5:$B$154,MATCH(C8,Households!$A$5:$A$154,0)),"Not in register") -> Site A – School Shelter | E8: Winter clothing – adults | F8: 2 | G8: Community donation – synthetic | H8: Yes | I8: =IFERROR(IF(B8>=INDEX(Households!$F$5:$F$154,MATCH(C8,Households!$A$5:$A$154,0)),"Yes","No – before latest assessment"),"") -> No – before latest assessment
A9: AR-0005 | B9: 46013 | C9: HH-011 | D9: =IFERROR(INDEX(Households!$B$5:$B$154,MATCH(C9,Households!$A$5:$A$154,0)),"Not in register") -> Site A – School Shelter | E9: Family hygiene kits | F9: 1 | G9: Agency C (WASH) – synthetic | H9: Yes | I9: =IFERROR(IF(B9>=INDEX(Households!$F$5:$F$154,MATCH(C9,Households!$A$5:$A$154,0)),"Yes","No – before latest assessment"),"") -> No – before latest assessment
A10: AR-0006 | B10: 46014 | C10: HH-038 | D10: =IFERROR(INDEX(Households!$B$5:$B$154,MATCH(C10,Households!$A$5:$A$154,0)),"Not in register") -> Site B – School Shelter | E10: Blankets | F10: 3 | G10: Agency A (NFI) – synthetic | H10: Yes | I10: =IFERROR(IF(B10>=INDEX(Households!$F$5:$F$154,MATCH(C10,Households!$A$5:$A$154,0)),"Yes","No – before latest assessment"),"") -> Yes
A11: AR-0007 | B11: 46014 | C11: HH-049 | D11: =IFERROR(INDEX(Households!$B$5:$B$154,MATCH(C11,Households!$A$5:$A$154,0)),"Not in register") -> Site B – School Shelter | E11: Blankets | F11: 4 | G11: Agency A (NFI) – synthetic | H11: Yes | I11: =IFERROR(IF(B11>=INDEX(Households!$F$5:$F$154,MATCH(C11,Households!$A$5:$A$154,0)),"Yes","No – before latest assessment"),"") -> No – before latest assessment
A12: AR-0008 | B12: 46015 | C12: HH-037 | D12: =IFERROR(INDEX(Households!$B$5:$B$154,MATCH(C12,Households!$A$5:$A$154,0)),"Not in register") -> Site B – School Shelter | E12: Blankets | F12: 2 | G12: Agency A (NFI) – synthetic | H12: Yes | I12: =IFERROR(IF(B12>=INDEX(Households!$F$5:$F$154,MATCH(C12,Households!$A$5:$A$154,0)),"Yes","No – before latest assessment"),"") -> No – before latest assessment
A13: AR-0009 | B13: 46015 | C13: HH-063 | D13: =IFERROR(INDEX(Households!$B$5:$B$154,MATCH(C13,Households!$A$5:$A$154,0)),"Not in register") -> Site B – School Shelter | E13: Winter clothing – children | F13: 1 | G13: Community donation – synthetic | H13: Yes | I13: =IFERROR(IF(B13>=INDEX(Households!$F$5:$F$154,MATCH(C13,Households!$A$5:$A$154,0)),"Yes","No – before latest assessment"),"") -> No – before latest assessment
A14: AR-0010 | B14: 46015 | C14: HH-070 | D14: =IFERROR(INDEX(Households!$B$5:$B$154,MATCH(C14,Households!$A$5:$A$154,0)),"Not in register") -> Site C – Informal Tent Area | E14: Blankets | F14: 3 | G14: Community donation – synthetic | H14: Yes | I14: =IFERROR(IF(B14>=INDEX(Households!$F$5:$F$154,MATCH(C14,Households!$A$5:$A$154,0)),"Yes","No – before latest assessment"),"") -> No – before latest assessment
A15: AR-0011 | B15: 46015 | C15: HH-070 | D15: =IFERROR(INDEX(Households!$B$5:$B$154,MATCH(C15,Households!$A$5:$A$154,0)),"Not in register") -> Site C – Informal Tent Area | E15: Mattresses | F15: 2 | G15: Agency A (NFI) – synthetic | H15: Yes | I15: =IFERROR(IF(B15>=INDEX(Households!$F$5:$F$154,MATCH(C15,Households!$A$5:$A$154,0)),"Yes","No – before latest assessment"),"") -> No – before latest assessment
A16: AR-0012 | B16: 46015 | C16: HH-074 | D16: =IFERROR(INDEX(Households!$B$5:$B$154,MATCH(C16,Households!$A$5:$A$154,0)),"Not in register") -> Site C – Informal Tent Area | E16: Menstrual hygiene kits | F16: 1 | G16: Agency C (WASH) – synthetic | H16: Yes | I16: =IFERROR(IF(B16>=INDEX(Households!$F$5:$F$154,MATCH(C16,Households!$A$5:$A$154,0)),"Yes","No – before latest assessment"),"") -> Yes
... A367: AR-0363 | B367: 46053 | C367: HH-119 | D367: =IFERROR(INDEX(Households!$B$5:$B$154,MATCH(C367,Households!$A$5:$A$154,0)),"Not in register") -> Site D – Collective Centre | E367: Mattresses | F367: 1 | G367: Agency A (NFI) – synthetic | H367: No | I367: =IFERROR(IF(B367>=INDEX(Households!$F$5:$F$154,MATCH(C367,Households!$A$5:$A$154,0)),"Yes","No – before latest assessment"),"") -> Yes

Sheet Referrals
A1: Referrals and follow-up (synthetic)
A2: Open referrals older than the Settings threshold are flagged. Protection referrals hold no detail here. For nutrition / IYCF referrals, the partner’s outcome after assessment is recorded.
A4: Referral ID | B4: HH code | C4: Site (from register) | D4: Service type | E4: Reason (no sensitive detail) | F4: Referral date | G4: Status | H4: Response date | I4: Nutrition partner outcome (IYCF only) | J4: Days open | K4: Follow-up flag
A5: RF-001 | B5: HH-029 | C5: =IFERROR(INDEX(Households!$B$5:$B$154,MATCH(B5,Households!$A$5:$A$154,0)),"Not in register") -> Site A – School Shelter | D5: Nutrition / IYCF | E5: Infant feeding difficulty reported – assessment requested | F5: 46007 | G5: Closed | H5: 46018 | I5: Infant formula provided by nutrition partner after assessment | J5: =IF(OR(G5="Assistance received",G5="Closed"),IF(H5="","",H5-F5),Settings!$B$5-F5) -> 11 | K5: =IF(AND(OR(G5="Referred",G5="Acknowledged"),N(J5)>Settings!$B$18),"Overdue","")
A6: RF-002 | B6: HH-032 | C6: =IFERROR(INDEX(Households!$B$5:$B$154,MATCH(B6,Households!$A$5:$A$154,0)),"Not in register") -> Site A – School Shelter | D6: Disability services | E6: Assistive device / rehabilitation assessment | F6: 46011 | G6: Closed | H6: 46015 | J6: =IF(OR(G6="Assistance received",G6="Closed"),IF(H6="","",H6-F6),Settings!$B$5-F6) -> 4 | K6: =IF(AND(OR(G6="Referred",G6="Acknowledged"),N(J6)>Settings!$B$18),"Overdue","")
A7: RF-003 | B7: HH-098 | C7: =IFERROR(INDEX(Households!$B$5:$B$154,MATCH(B7,Households!$A$5:$A$154,0)),"Not in register") -> Site C – Informal Tent Area | D7: Nutrition / IYCF | E7: Infant feeding difficulty reported – assessment requested | F7: 46011 | G7: Referred | I7: Assessment pending | J7: =IF(OR(G7="Assistance received",G7="Closed"),IF(H7="","",H7-F7),Settings!$B$5-F7) -> 42 | K7: =IF(AND(OR(G7="Referred",G7="Acknowledged"),N(J7)>Settings!$B$18),"Overdue","") -> Overdue
A8: RF-004 | B8: HH-038 | C8: =IFERROR(INDEX(Households!$B$5:$B$154,MATCH(B8,Households!$A$5:$A$154,0)),"Not in register") -> Site B – School Shelter | D8: Nutrition / IYCF | E8: Infant feeding difficulty reported – assessment requested | F8: 46013 | G8: Assistance received | H8: 46025 | I8: Infant formula provided by nutrition partner after assessment | J8: =IF(OR(G8="Assistance received",G8="Closed"),IF(H8="","",H8-F8),Settings!$B$5-F8) -> 12 | K8: =IF(AND(OR(G8="Referred",G8="Acknowledged"),N(J8)>Settings!$B$18),"Overdue","")
A9: RF-005 | B9: HH-070 | C9: =IFERROR(INDEX(Households!$B$5:$B$154,MATCH(B9,Households!$A$5:$A$154,0)),"Not in register") -> Site C – Informal Tent Area | D9: Disability services | E9: Assistive device / rehabilitation assessment | F9: 46014 | G9: Assistance received | H9: 46019 | J9: =IF(OR(G9="Assistance received",G9="Closed"),IF(H9="","",H9-F9),Settings!$B$5-F9) -> 5 | K9: =IF(AND(OR(G9="Referred",G9="Acknowledged"),N(J9)>Settings!$B$18),"Overdue","")
A10: RF-006 | B10: HH-020 | C10: =IFERROR(INDEX(Households!$B$5:$B$154,MATCH(B10,Households!$A$5:$A$154,0)),"Not in register") -> Site A – School Shelter | D10: Disability services | E10: Assistive device / rehabilitation assessment | F10: 46017 | G10: Closed | H10: 46035 | J10: =IF(OR(G10="Assistance received",G10="Closed"),IF(H10="","",H10-F10),Settings!$B$5-F10) -> 18 | K10: =IF(AND(OR(G10="Referred",G10="Acknowledged"),N(J10)>Settings!$B$18),"Overdue","")
A11: RF-007 | B11: HH-001 | C11: =IFERROR(INDEX(Households!$B$5:$B$154,MATCH(B11,Households!$A$5:$A$154,0)),"Not in register") -> Site A – School Shelter | D11: Nutrition / IYCF | E11: Infant feeding difficulty reported – assessment requested | F11: 46024 | G11: Assistance received | H11: 46027 | I11: Breastfeeding support provided | J11: =IF(OR(G11="Assistance received",G11="Closed"),IF(H11="","",H11-F11),Settings!$B$5-F11) -> 3 | K11: =IF(AND(OR(G11="Referred",G11="Acknowledged"),N(J11)>Settings!$B$18),"Overdue","")
A12: RF-008 | B12: HH-076 | C12: =IFERROR(INDEX(Households!$B$5:$B$154,MATCH(B12,Households!$A$5:$A$154,0)),"Not in register") -> Site C – Informal Tent Area | D12: Health | E12: Chronic medication follow-up | F12: 46025 | G12: Assistance received | H12: 46030 | J12: =IF(OR(G12="Assistance received",G12="Closed"),IF(H12="","",H12-F12),Settings!$B$5-F12) -> 5 | K12: =IF(AND(OR(G12="Referred",G12="Acknowledged"),N(J12)>Settings!$B$18),"Overdue","")
A13: RF-009 | B13: HH-014 | C13: =IFERROR(INDEX(Households!$B$5:$B$154,MATCH(B13,Households!$A$5:$A$154,0)),"Not in register") -> Site A – School Shelter | D13: Health | E13: Chronic medication follow-up | F13: 46027 | G13: Referred | J13: =IF(OR(G13="Assistance received",G13="Closed"),IF(H13="","",H13-F13),Settings!$B$5-F13) -> 26 | K13: =IF(AND(OR(G13="Referred",G13="Acknowledged"),N(J13)>Settings!$B$18),"Overdue","") -> Overdue
A14: RF-010 | B14: HH-107 | C14: =IFERROR(INDEX(Households!$B$5:$B$154,MATCH(B14,Households!$A$5:$A$154,0)),"Not in register") -> Site D – Collective Centre | D14: Nutrition / IYCF | E14: Infant feeding difficulty reported – assessment requested | F14: 46027 | G14: Referred | I14: Assessment pending | J14: =IF(OR(G14="Assistance received",G14="Closed"),IF(H14="","",H14-F14),Settings!$B$5-F14) -> 26 | K14: =IF(AND(OR(G14="Referred",G14="Acknowledged"),N(J14)>Settings!$B$18),"Overdue","") -> Overdue
A15: RF-011 | B15: HH-004 | C15: =IFERROR(INDEX(Households!$B$5:$B$154,MATCH(B15,Households!$A$5:$A$154,0)),"Not in register") -> Site A – School Shelter | D15: Health | E15: Chronic medication follow-up | F15: 46028 | G15: Assistance received | H15: 46044 | J15: =IF(OR(G15="Assistance received",G15="Closed"),IF(H15="","",H15-F15),Settings!$B$5-F15) -> 16 | K15: =IF(AND(OR(G15="Referred",G15="Acknowledged"),N(J15)>Settings!$B$18),"Overdue","")
A16: RF-012 | B16: HH-076 | C16: =IFERROR(INDEX(Households!$B$5:$B$154,MATCH(B16,Households!$A$5:$A$154,0)),"Not in register") -> Site C – Informal Tent Area | D16: Shelter / NFI | E16: Shelter unusable – tent replacement requested | F16: 46028 | G16: Assistance received | H16: 46038 | J16: =IF(OR(G16="Assistance received",G16="Closed"),IF(H16="","",H16-F16),Settings!$B$5-F16) -> 10 | K16: =IF(AND(OR(G16="Referred",G16="Acknowledged"),N(J16)>Settings!$B$18),"Overdue","")
A17: RF-013 | B17: HH-096 | C17: =IFERROR(INDEX(Households!$B$5:$B$154,MATCH(B17,Households!$A$5:$A$154,0)),"Not in register") -> Site C – Informal Tent Area | D17: Disability services | E17: Assistive device / rehabilitation assessment | F17: 46028 | G17: Referred | J17: =IF(OR(G17="Assistance received",G17="Closed"),IF(H17="","",H17-F17),Settings!$B$5-F17) -> 25 | K17: =IF(AND(OR(G17="Referred",G17="Acknowledged"),N(J17)>Settings!$B$18),"Overdue","") -> Overdue
A18: RF-014 | B18: HH-008 | C18: =IFERROR(INDEX(Households!$B$5:$B$154,MATCH(B18,Households!$A$5:$A$154,0)),"Not in register") -> Site A – School Shelter | D18: Health | E18: Chronic medication follow-up | F18: 46030 | G18: Assistance received | H18: 46035 | J18: =IF(OR(G18="Assistance received",G18="Closed"),IF(H18="","",H18-F18),Settings!$B$5-F18) -> 5 | K18: =IF(AND(OR(G18="Referred",G18="Acknowledged"),N(J18)>Settings!$B$18),"Overdue","")
A19: RF-015 | B19: HH-102 | C19: =IFERROR(INDEX(Households!$B$5:$B$154,MATCH(B19,Households!$A$5:$A$154,0)),"Not in register") -> Site D – Collective Centre | D19: Nutrition / IYCF | E19: Infant feeding difficulty reported – assessment requested | F19: 46030 | G19: Referred | I19: Assessment pending | J19: =IF(OR(G19="Assistance received",G19="Closed"),IF(H19="","",H19-F19),Settings!$B$5-F19) -> 23 | K19: =IF(AND(OR(G19="Referred",G19="Acknowledged"),N(J19)>Settings!$B$18),"Overdue","") -> Overdue
A20: RF-016 | B20: HH-116 | C20: =IFERROR(INDEX(Households!$B$5:$B$154,MATCH(B20,Households!$A$5:$A$154,0)),"Not in register") -> Site D – Collective Centre | D20: Protection | E20: Referred through the established pathway – details held separately | F20: 46030 | G20: Assistance received | H20: 46035 | J20: =IF(OR(G20="Assistance received",G20="Closed"),IF(H20="","",H20-F20),Settings!$B$5-F20) -> 5 | K20: =IF(AND(OR(G20="Referred",G20="Acknowledged"),N(J20)>Settings!$B$18),"Overdue","")
A21: RF-017 | B21: HH-075 | C21: =IFERROR(INDEX(Households!$B$5:$B$154,MATCH(B21,Households!$A$5:$A$154,0)),"Not in register") -> Site C – Informal Tent Area | D21: Disability services | E21: Assistive device / rehabilitation assessment | F21: 46031 | G21: Referred | J21: =IF(OR(G21="Assistance received",G21="Closed"),IF(H21="","",H21-F21),Settings!$B$5-F21) -> 22 | K21: =IF(AND(OR(G21="Referred",G21="Acknowledged"),N(J21)>Settings!$B$18),"Overdue","") -> Overdue
A22: RF-018 | B22: HH-085 | C22: =IFERROR(INDEX(Households!$B$5:$B$154,MATCH(B22,Households!$A$5:$A$154,0)),"Not in register") -> Site C – Informal Tent Area | D22: Nutrition / IYCF | E22: Infant feeding difficulty reported – assessment requested | F22: 46032 | G22: Assistance received | H22: 46035 | I22: Breastfeeding support provided | J22: =IF(OR(G22="Assistance received",G22="Closed"),IF(H22="","",H22-F22),Settings!$B$5-F22) -> 3 | K22: =IF(AND(OR(G22="Referred",G22="Acknowledged"),N(J22)>Settings!$B$18),"Overdue","")
A23: RF-019 | B23: HH-099 | C23: =IFERROR(INDEX(Households!$B$5:$B$154,MATCH(B23,Households!$A$5:$A$154,0)),"Not in register") -> Site C – Informal Tent Area | D23: Shelter / NFI | E23: Shelter unusable – tent replacement requested | F23: 46033 | G23: Acknowledged | J23: =IF(OR(G23="Assistance received",G23="Closed"),IF(H23="","",H23-F23),Settings!$B$5-F23) -> 20 | K23: =IF(AND(OR(G23="Referred",G23="Acknowledged"),N(J23)>Settings!$B$18),"Overdue","") -> Overdue
A24: RF-020 | B24: HH-110 | C24: =IFERROR(INDEX(Households!$B$5:$B$154,MATCH(B24,Households!$A$5:$A$154,0)),"Not in register") -> Site D – Collective Centre | D24: Disability services | E24: Assistive device / rehabilitation assessment | F24: 46033 | G24: Assistance received | H24: 46046 | J24: =IF(OR(G24="Assistance received",G24="Closed"),IF(H24="","",H24-F24),Settings!$B$5-F24) -> 13 | K24: =IF(AND(OR(G24="Referred",G24="Acknowledged"),N(J24)>Settings!$B$18),"Overdue","")
A25: RF-021 | B25: HH-011 | C25: =IFERROR(INDEX(Households!$B$5:$B$154,MATCH(B25,Households!$A$5:$A$154,0)),"Not in register") -> Site A – School Shelter | D25: Protection | E25: Referred through the established pathway – details held separately | F25: 46034 | G25: Referred | J25: =IF(OR(G25="Assistance received",G25="Closed"),IF(H25="","",H25-F25),Settings!$B$5-F25) -> 19 | K25: =IF(AND(OR(G25="Referred",G25="Acknowledged"),N(J25)>Settings!$B$18),"Overdue","") -> Overdue
A26: RF-022 | B26: HH-008 | C26: =IFERROR(INDEX(Households!$B$5:$B$154,MATCH(B26,Households!$A$5:$A$154,0)),"Not in register") -> Site A – School Shelter | D26: Nutrition / IYCF | E26: Infant feeding difficulty reported – assessment requested | F26: 46035 | G26: Referred | I26: Assessment pending | J26: =IF(OR(G26="Assistance received",G26="Closed"),IF(H26="","",H26-F26),Settings!$B$5-F26) -> 18 | K26: =IF(AND(OR(G26="Referred",G26="Acknowledged"),N(J26)>Settings!$B$18),"Overdue","") -> Overdue
A27: RF-023 | B27: HH-027 | C27: =IFERROR(INDEX(Households!$B$5:$B$154,MATCH(B27,Households!$A$5:$A$154,0)),"Not in register") -> Site A – School Shelter | D27: Health | E27: Chronic medication follow-up | F27: 46037 | G27: Closed | H27: 46041 | J27: =IF(OR(G27="Assistance received",G27="Closed"),IF(H27="","",H27-F27),Settings!$B$5-F27) -> 4 | K27: =IF(AND(OR(G27="Referred",G27="Acknowledged"),N(J27)>Settings!$B$18),"Overdue","")
A28: RF-024 | B28: HH-069 | C28: =IFERROR(INDEX(Households!$B$5:$B$154,MATCH(B28,Households!$A$5:$A$154,0)),"Not in register") -> Site C – Informal Tent Area | D28: Shelter / NFI | E28: Shelter unusable – tent replacement requested | F28: 46040 | G28: Acknowledged | J28: =IF(OR(G28="Assistance received",G28="Closed"),IF(H28="","",H28-F28),Settings!$B$5-F28) -> 13 | K28: =IF(AND(OR(G28="Referred",G28="Acknowledged"),N(J28)>Settings!$B$18),"Overdue","")
A29: RF-025 | B29: HH-072 | C29: =IFERROR(INDEX(Households!$B$5:$B$154,MATCH(B29,Households!$A$5:$A$154,0)),"Not in register") -> Site C – Informal Tent Area | D29: Shelter / NFI | E29: Shelter unusable – tent replacement requested | F29: 46040 | G29: Closed | H29: 46046 | J29: =IF(OR(G29="Assistance received",G29="Closed"),IF(H29="","",H29-F29),Settings!$B$5-F29) -> 6 | K29: =IF(AND(OR(G29="Referred",G29="Acknowledged"),N(J29)>Settings!$B$18),"Overdue","")
A30: RF-026 | B30: HH-081 | C30: =IFERROR(INDEX(Households!$B$5:$B$154,MATCH(B30,Households!$A$5:$A$154,0)),"Not in register") -> Site C – Informal Tent Area | D30: Shelter / NFI | E30: Shelter unusable – tent replacement requested | F30: 46040 | G30: Acknowledged | J30: =IF(OR(G30="Assistance received",G30="Closed"),IF(H30="","",H30-F30),Settings!$B$5-F30) -> 13 | K30: =IF(AND(OR(G30="Referred",G30="Acknowledged"),N(J30)>Settings!$B$18),"Overdue","")
A31: RF-027 | B31: HH-019 | C31: =IFERROR(INDEX(Households!$B$5:$B$154,MATCH(B31,Households!$A$5:$A$154,0)),"Not in register") -> Site A – School Shelter | D31: Disability services | E31: Assistive device / rehabilitation assessment | F31: 46041 | G31: Referred | J31: =IF(OR(G31="Assistance received",G31="Closed"),IF(H31="","",H31-F31),Settings!$B$5-F31) -> 12 | K31: =IF(AND(OR(G31="Referred",G31="Acknowledged"),N(J31)>Settings!$B$18),"Overdue","")
A32: RF-028 | B32: HH-070 | C32: =IFERROR(INDEX(Households!$B$5:$B$154,MATCH(B32,Households!$A$5:$A$154,0)),"Not in register") -> Site C – Informal Tent Area | D32: Shelter / NFI | E32: Shelter unusable – tent replacement requested | F32: 46041 | G32: Acknowledged | J32: =IF(OR(G32="Assistance received",G32="Closed"),IF(H32="","",H32-F32),Settings!$B$5-F32) -> 12 | K32: =IF(AND(OR(G32="Referred",G32="Acknowledged"),N(J32)>Settings!$B$18),"Overdue","")
A33: RF-029 | B33: HH-095 | C33: =IFERROR(INDEX(Households!$B$5:$B$154,MATCH(B33,Households!$A$5:$A$154,0)),"Not in register") -> Site C – Informal Tent Area | D33: Shelter / NFI | E33: Shelter unusable – tent replacement requested | F33: 46041 | G33: Assistance received | H33: 46053 | J33: =IF(OR(G33="Assistance received",G33="Closed"),IF(H33="","",H33-F33),Settings!$B$5-F33) -> 12 | K33: =IF(AND(OR(G33="Referred",G33="Acknowledged"),N(J33)>Settings!$B$18),"Overdue","")
A34: RF-030 | B34: HH-069 | C34: =IFERROR(INDEX(Households!$B$5:$B$154,MATCH(B34,Households!$A$5:$A$154,0)),"Not in register") -> Site C – Informal Tent Area | D34: Protection | E34: Referred through the established pathway – details held separately | F34: 46042 | G34: Assistance received | H34: 46048 | J34: =IF(OR(G34="Assistance received",G34="Closed"),IF(H34="","",H34-F34),Settings!$B$5-F34) -> 6 | K34: =IF(AND(OR(G34="Referred",G34="Acknowledged"),N(J34)>Settings!$B$18),"Overdue","")
A35: RF-031 | B35: HH-071 | C35: =IFERROR(INDEX(Households!$B$5:$B$154,MATCH(B35,Households!$A$5:$A$154,0)),"Not in register") -> Site C – Informal Tent Area | D35: Nutrition / IYCF | E35: Infant feeding difficulty reported – assessment requested | F35: 46043 | G35: Referred | I35: Assessment pending | J35: =IF(OR(G35="Assistance received",G35="Closed"),IF(H35="","",H35-F35),Settings!$B$5-F35) -> 10 | K35: =IF(AND(OR(G35="Referred",G35="Acknowledged"),N(J35)>Settings!$B$18),"Overdue","")
A36: RF-032 | B36: HH-107 | C36: =IFERROR(INDEX(Households!$B$5:$B$154,MATCH(B36,Households!$A$5:$A$154,0)),"Not in register") -> Site D – Collective Centre | D36: Disability services | E36: Assistive device / rehabilitation assessment | F36: 46043 | G36: Assistance received | H36: 46050 | J36: =IF(OR(G36="Assistance received",G36="Closed"),IF(H36="","",H36-F36),Settings!$B$5-F36) -> 7 | K36: =IF(AND(OR(G36="Referred",G36="Acknowledged"),N(J36)>Settings!$B$18),"Overdue","")
A37: RF-033 | B37: HH-105 | C37: =IFERROR(INDEX(Households!$B$5:$B$154,MATCH(B37,Households!$A$5:$A$154,0)),"Not in register") -> Site D – Collective Centre | D37: Disability services | E37: Assistive device / rehabilitation assessment | F37: 46044 | G37: Referred | J37: =IF(OR(G37="Assistance received",G37="Closed"),IF(H37="","",H37-F37),Settings!$B$5-F37) -> 9 | K37: =IF(AND(OR(G37="Referred",G37="Acknowledged"),N(J37)>Settings!$B$18),"Overdue","")
A38: RF-034 | B38: HH-112 | C38: =IFERROR(INDEX(Households!$B$5:$B$154,MATCH(B38,Households!$A$5:$A$154,0)),"Not in register") -> Site D – Collective Centre | D38: Disability services | E38: Assistive device / rehabilitation assessment | F38: 46045 | G38: Referred | J38: =IF(OR(G38="Assistance received",G38="Closed"),IF(H38="","",H38-F38),Settings!$B$5-F38) -> 8 | K38: =IF(AND(OR(G38="Referred",G38="Acknowledged"),N(J38)>Settings!$B$18),"Overdue","")
A39: RF-035 | B39: HH-112 | C39: =IFERROR(INDEX(Households!$B$5:$B$154,MATCH(B39,Households!$A$5:$A$154,0)),"Not in register") -> Site D – Collective Centre | D39: Protection | E39: Referred through the established pathway – details held separately | F39: 46045 | G39: Acknowledged | J39: =IF(OR(G39="Assistance received",G39="Closed"),IF(H39="","",H39-F39),Settings!$B$5-F39) -> 8 | K39: =IF(AND(OR(G39="Referred",G39="Acknowledged"),N(J39)>Settings!$B$18),"Overdue","")
A40: RF-036 | B40: HH-082 | C40: =IFERROR(INDEX(Households!$B$5:$B$154,MATCH(B40,Households!$A$5:$A$154,0)),"Not in register") -> Site C – Informal Tent Area | D40: Shelter / NFI | E40: Shelter unusable – tent replacement requested | F40: 46047 | G40: Referred | J40: =IF(OR(G40="Assistance received",G40="Closed"),IF(H40="","",H40-F40),Settings!$B$5-F40) -> 6 | K40: =IF(AND(OR(G40="Referred",G40="Acknowledged"),N(J40)>Settings!$B$18),"Overdue","")
A41: RF-037 | B41: HH-084 | C41: =IFERROR(INDEX(Households!$B$5:$B$154,MATCH(B41,Households!$A$5:$A$154,0)),"Not in register") -> Site C – Informal Tent Area | D41: Disability services | E41: Assistive device / rehabilitation assessment | F41: 46047 | G41: Referred | J41: =IF(OR(G41="Assistance received",G41="Closed"),IF(H41="","",H41-F41),Settings!$B$5-F41) -> 6 | K41: =IF(AND(OR(G41="Referred",G41="Acknowledged"),N(J41)>Settings!$B$18),"Overdue","")
A42: RF-038 | B42: HH-119 | C42: =IFERROR(INDEX(Households!$B$5:$B$154,MATCH(B42,Households!$A$5:$A$154,0)),"Not in register") -> Site D – Collective Centre | D42: Nutrition / IYCF | E42: Infant feeding difficulty reported – assessment requested | F42: 46047 | G42: Referred | I42: Assessment pending | J42: =IF(OR(G42="Assistance received",G42="Closed"),IF(H42="","",H42-F42),Settings!$B$5-F42) -> 6 | K42: =IF(AND(OR(G42="Referred",G42="Acknowledged"),N(J42)>Settings!$B$18),"Overdue","")
A43: RF-039 | B43: HH-078 | C43: =IFERROR(INDEX(Households!$B$5:$B$154,MATCH(B43,Households!$A$5:$A$154,0)),"Not in register") -> Site C – Informal Tent Area | D43: Shelter / NFI | E43: Shelter unusable – tent replacement requested | F43: 46048 | G43: Assistance received | H43: 46051 | J43: =IF(OR(G43="Assistance received",G43="Closed"),IF(H43="","",H43-F43),Settings!$B$5-F43) -> 3 | K43: =IF(AND(OR(G43="Referred",G43="Acknowledged"),N(J43)>Settings!$B$18),"Overdue","")
A44: RF-040 | B44: HH-113 | C44: =IFERROR(INDEX(Households!$B$5:$B$154,MATCH(B44,Households!$A$5:$A$154,0)),"Not in register") -> Site D – Collective Centre | D44: Nutrition / IYCF | E44: Infant feeding difficulty reported – assessment requested | F44: 46048 | G44: Closed | H44: 46052 | I44: Breastfeeding support provided | J44: =IF(OR(G44="Assistance received",G44="Closed"),IF(H44="","",H44-F44),Settings!$B$5-F44) -> 4 | K44: =IF(AND(OR(G44="Referred",G44="Acknowledged"),N(J44)>Settings!$B$18),"Overdue","")
A45: RF-041 | B45: HH-045 | C45: =IFERROR(INDEX(Households!$B$5:$B$154,MATCH(B45,Households!$A$5:$A$154,0)),"Not in register") -> Site B – School Shelter | D45: Protection | E45: Referred through the established pathway – details held separately | F45: 46049 | G45: Acknowledged | J45: =IF(OR(G45="Assistance received",G45="Closed"),IF(H45="","",H45-F45),Settings!$B$5-F45) -> 4 | K45: =IF(AND(OR(G45="Referred",G45="Acknowledged"),N(J45)>Settings!$B$18),"Overdue","")
A46: RF-042 | B46: HH-077 | C46: =IFERROR(INDEX(Households!$B$5:$B$154,MATCH(B46,Households!$A$5:$A$154,0)),"Not in register") -> Site C – Informal Tent Area | D46: Health | E46: Chronic medication follow-up | F46: 46049 | G46: Assistance received | H46: 46053 | J46: =IF(OR(G46="Assistance received",G46="Closed"),IF(H46="","",H46-F46),Settings!$B$5-F46) -> 4 | K46: =IF(AND(OR(G46="Referred",G46="Acknowledged"),N(J46)>Settings!$B$18),"Overdue","")
A47: RF-043 | B47: HH-095 | C47: =IFERROR(INDEX(Households!$B$5:$B$154,MATCH(B47,Households!$A$5:$A$154,0)),"Not in register") -> Site C – Informal Tent Area | D47: Disability services | E47: Assistive device / rehabilitation assessment | F47: 46049 | G47: Assistance received | H47: 46052 | J47: =IF(OR(G47="Assistance received",G47="Closed"),IF(H47="","",H47-F47),Settings!$B$5-F47) -> 3 | K47: =IF(AND(OR(G47="Referred",G47="Acknowledged"),N(J47)>Settings!$B$18),"Overdue","")
A48: RF-044 | B48: HH-051 | C48: =IFERROR(INDEX(Households!$B$5:$B$154,MATCH(B48,Households!$A$5:$A$154,0)),"Not in register") -> Site B – School Shelter | D48: Health | E48: Chronic medication follow-up | F48: 46050 | G48: Acknowledged | J48: =IF(OR(G48="Assistance received",G48="Closed"),IF(H48="","",H48-F48),Settings!$B$5-F48) -> 3 | K48: =IF(AND(OR(G48="Referred",G48="Acknowledged"),N(J48)>Settings!$B$18),"Overdue","")
A49: RF-045 | B49: HH-113 | C49: =IFERROR(INDEX(Households!$B$5:$B$154,MATCH(B49,Households!$A$5:$A$154,0)),"Not in register") -> Site D – Collective Centre | D49: Disability services | E49: Assistive device / rehabilitation assessment | F49: 46052 | G49: Acknowledged | J49: =IF(OR(G49="Assistance received",G49="Closed"),IF(H49="","",H49-F49),Settings!$B$5-F49) -> 1 | K49: =IF(AND(OR(G49="Referred",G49="Acknowledged"),N(J49)>Settings!$B$18),"Overdue","")
A50: RF-046 | B50: HH-050 | C50: =IFERROR(INDEX(Households!$B$5:$B$154,MATCH(B50,Households!$A$5:$A$154,0)),"Not in register") -> Site B – School Shelter | D50: Protection | E50: Referred through the established pathway – details held separately | F50: 46053 | G50: Acknowledged | J50: =IF(OR(G50="Assistance received",G50="Closed"),IF(H50="","",H50-F50),Settings!$B$5-F50) -> 0 | K50: =IF(AND(OR(G50="Referred",G50="Acknowledged"),N(J50)>Settings!$B$18),"Overdue","")
A51: RF-047 | B51: HH-056 | C51: =IFERROR(INDEX(Households!$B$5:$B$154,MATCH(B51,Households!$A$5:$A$154,0)),"Not in register") -> Site B – School Shelter | D51: Disability services | E51: Assistive device / rehabilitation assessment | F51: 46053 | G51: Referred | J51: =IF(OR(G51="Assistance received",G51="Closed"),IF(H51="","",H51-F51),Settings!$B$5-F51) -> 0 | K51: =IF(AND(OR(G51="Referred",G51="Acknowledged"),N(J51)>Settings!$B$18),"Overdue","")
A52: RF-048 | B52: HH-089 | C52: =IFERROR(INDEX(Households!$B$5:$B$154,MATCH(B52,Households!$A$5:$A$154,0)),"Not in register") -> Site C – Informal Tent Area | D52: Disability services | E52: Assistive device / rehabilitation assessment | F52: 46053 | G52: Acknowledged | J52: =IF(OR(G52="Assistance received",G52="Closed"),IF(H52="","",H52-F52),Settings!$B$5-F52) -> 0 | K52: =IF(AND(OR(G52="Referred",G52="Acknowledged"),N(J52)>Settings!$B$18),"Overdue","")

Sheet Maintenance_Log
A1: Site maintenance and household shelter issues (synthetic)
A2: Facility issues are logged by site; shelter issues of a specific household also carry its code so they appear on the follow-up list. Safety issues have a shorter target.
A4: Issue ID | B4: Site | C4: HH code (household shelter issues) | D4: Category | E4: Description | F4: Safety concern | G4: Reported date | H4: Status | I4: Resolved date | J4: Days open | K4: Target days | L4: Flag
A5: MI-001 | B5: Site C – Informal Tent Area | D5: Drainage | E5: Blocked drainage channel | F5: No | G5: 46024 | H5: Resolved | I5: 46028 | J5: =IF(H5="Resolved",IF(I5="","",I5-G5),Settings!$B$5-G5) -> 4 | K5: =IF(F5="Yes",Settings!$B$19,Settings!$B$20) -> 14 | L5: =IF(AND(H5<>"Resolved",N(J5)>K5),"Delayed","")
A6: MI-002 | B6: Site D – Collective Centre | D6: Waste | E6: Overflowing waste point | F6: No | G6: 46025 | H6: Resolved | I6: 46036 | J6: =IF(H6="Resolved",IF(I6="","",I6-G6),Settings!$B$5-G6) -> 11 | K6: =IF(F6="Yes",Settings!$B$19,Settings!$B$20) -> 14 | L6: =IF(AND(H6<>"Resolved",N(J6)>K6),"Delayed","")
A7: MI-003 | B7: Site C – Informal Tent Area | D7: Water point | E7: Leaking tap | F7: No | G7: 46025 | H7: Open | J7: =IF(H7="Resolved",IF(I7="","",I7-G7),Settings!$B$5-G7) -> 28 | K7: =IF(F7="Yes",Settings!$B$19,Settings!$B$20) -> 14 | L7: =IF(AND(H7<>"Resolved",N(J7)>K7),"Delayed","") -> Delayed
A8: MI-004 | B8: Site C – Informal Tent Area | C8: HH-071 | D8: Shelter | E8: Roof sheeting blown off | F8: No | G8: 46029 | H8: Open | J8: =IF(H8="Resolved",IF(I8="","",I8-G8),Settings!$B$5-G8) -> 24 | K8: =IF(F8="Yes",Settings!$B$19,Settings!$B$20) -> 14 | L8: =IF(AND(H8<>"Resolved",N(J8)>K8),"Delayed","") -> Delayed
A9: MI-005 | B9: Site B – School Shelter | D9: Water point | E9: Leaking tap | F9: No | G9: 46029 | H9: Resolved | I9: 46038 | J9: =IF(H9="Resolved",IF(I9="","",I9-G9),Settings!$B$5-G9) -> 9 | K9: =IF(F9="Yes",Settings!$B$19,Settings!$B$20) -> 14 | L9: =IF(AND(H9<>"Resolved",N(J9)>K9),"Delayed","")
A10: MI-006 | B10: Site B – School Shelter | C10: HH-040 | D10: Shelter | E10: Broken classroom window | F10: No | G10: 46029 | H10: Resolved | I10: 46032 | J10: =IF(H10="Resolved",IF(I10="","",I10-G10),Settings!$B$5-G10) -> 3 | K10: =IF(F10="Yes",Settings!$B$19,Settings!$B$20) -> 14 | L10: =IF(AND(H10<>"Resolved",N(J10)>K10),"Delayed","")
A11: MI-007 | B11: Site D – Collective Centre | D11: Drainage | E11: Blocked drainage channel | F11: No | G11: 46030 | H11: In progress | J11: =IF(H11="Resolved",IF(I11="","",I11-G11),Settings!$B$5-G11) -> 23 | K11: =IF(F11="Yes",Settings!$B$19,Settings!$B$20) -> 14 | L11: =IF(AND(H11<>"Resolved",N(J11)>K11),"Delayed","") -> Delayed
A12: MI-008 | B12: Site D – Collective Centre | D12: Latrine | E12: Latrine door missing | F12: Yes | G12: 46030 | H12: Resolved | I12: 46041 | J12: =IF(H12="Resolved",IF(I12="","",I12-G12),Settings!$B$5-G12) -> 11 | K12: =IF(F12="Yes",Settings!$B$19,Settings!$B$20) -> 3 | L12: =IF(AND(H12<>"Resolved",N(J12)>K12),"Delayed","")
A13: MI-009 | B13: Site C – Informal Tent Area | D13: Drainage | E13: Standing water between shelters after rain | F13: No | G13: 46032 | H13: Open | J13: =IF(H13="Resolved",IF(I13="","",I13-G13),Settings!$B$5-G13) -> 21 | K13: =IF(F13="Yes",Settings!$B$19,Settings!$B$20) -> 14 | L13: =IF(AND(H13<>"Resolved",N(J13)>K13),"Delayed","") -> Delayed
A14: MI-010 | B14: Site A – School Shelter | C14: HH-022 | D14: Shelter | E14: Classroom door does not close | F14: No | G14: 46033 | H14: Resolved | I14: 46043 | J14: =IF(H14="Resolved",IF(I14="","",I14-G14),Settings!$B$5-G14) -> 10 | K14: =IF(F14="Yes",Settings!$B$19,Settings!$B$20) -> 14 | L14: =IF(AND(H14<>"Resolved",N(J14)>K14),"Delayed","")
A15: MI-011 | B15: Site C – Informal Tent Area | D15: Lighting | E15: No lighting on path to latrines | F15: Yes | G15: 46035 | H15: Resolved | I15: 46046 | J15: =IF(H15="Resolved",IF(I15="","",I15-G15),Settings!$B$5-G15) -> 11 | K15: =IF(F15="Yes",Settings!$B$19,Settings!$B$20) -> 3 | L15: =IF(AND(H15<>"Resolved",N(J15)>K15),"Delayed","")
A16: MI-012 | B16: Site C – Informal Tent Area | D16: Latrine | E16: Blocked latrine | F16: No | G16: 46035 | H16: Resolved | I16: 46043 | J16: =IF(H16="Resolved",IF(I16="","",I16-G16),Settings!$B$5-G16) -> 8 | K16: =IF(F16="Yes",Settings!$B$19,Settings!$B$20) -> 14 | L16: =IF(AND(H16<>"Resolved",N(J16)>K16),"Delayed","")
A17: MI-013 | B17: Site A – School Shelter | D17: Water point | E17: Leaking tap | F17: No | G17: 46035 | H17: Open | J17: =IF(H17="Resolved",IF(I17="","",I17-G17),Settings!$B$5-G17) -> 18 | K17: =IF(F17="Yes",Settings!$B$19,Settings!$B$20) -> 14 | L17: =IF(AND(H17<>"Resolved",N(J17)>K17),"Delayed","") -> Delayed
A18: MI-014 | B18: Site C – Informal Tent Area | D18: Drainage | E18: Blocked drainage channel | F18: No | G18: 46036 | H18: Resolved | I18: 46044 | J18: =IF(H18="Resolved",IF(I18="","",I18-G18),Settings!$B$5-G18) -> 8 | K18: =IF(F18="Yes",Settings!$B$19,Settings!$B$20) -> 14 | L18: =IF(AND(H18<>"Resolved",N(J18)>K18),"Delayed","")
A19: MI-015 | B19: Site A – School Shelter | D19: Water point | E19: Water tank outlet damaged | F19: No | G19: 46036 | H19: In progress | J19: =IF(H19="Resolved",IF(I19="","",I19-G19),Settings!$B$5-G19) -> 17 | K19: =IF(F19="Yes",Settings!$B$19,Settings!$B$20) -> 14 | L19: =IF(AND(H19<>"Resolved",N(J19)>K19),"Delayed","") -> Delayed
A20: MI-016 | B20: Site A – School Shelter | D20: Water point | E20: Water tank outlet damaged | F20: No | G20: 46037 | H20: In progress | J20: =IF(H20="Resolved",IF(I20="","",I20-G20),Settings!$B$5-G20) -> 16 | K20: =IF(F20="Yes",Settings!$B$19,Settings!$B$20) -> 14 | L20: =IF(AND(H20<>"Resolved",N(J20)>K20),"Delayed","") -> Delayed
A21: MI-017 | B21: Site C – Informal Tent Area | C21: HH-071 | D21: Shelter | E21: Torn tarpaulin roof | F21: No | G21: 46037 | H21: In progress | J21: =IF(H21="Resolved",IF(I21="","",I21-G21),Settings!$B$5-G21) -> 16 | K21: =IF(F21="Yes",Settings!$B$19,Settings!$B$20) -> 14 | L21: =IF(AND(H21<>"Resolved",N(J21)>K21),"Delayed","") -> Delayed
A22: MI-018 | B22: Site A – School Shelter | C22: HH-026 | D22: Shelter | E22: Classroom door does not close | F22: No | G22: 46038 | H22: Open | J22: =IF(H22="Resolved",IF(I22="","",I22-G22),Settings!$B$5-G22) -> 15 | K22: =IF(F22="Yes",Settings!$B$19,Settings!$B$20) -> 14 | L22: =IF(AND(H22<>"Resolved",N(J22)>K22),"Delayed","") -> Delayed
A23: MI-019 | B23: Site D – Collective Centre | D23: Electrical | E23: Exposed wiring near shelter | F23: Yes | G23: 46039 | H23: Resolved | I23: 46047 | J23: =IF(H23="Resolved",IF(I23="","",I23-G23),Settings!$B$5-G23) -> 8 | K23: =IF(F23="Yes",Settings!$B$19,Settings!$B$20) -> 3 | L23: =IF(AND(H23<>"Resolved",N(J23)>K23),"Delayed","")
A24: MI-020 | B24: Site C – Informal Tent Area | D24: Lighting | E24: No lighting on path to latrines | F24: Yes | G24: 46040 | H24: Open | J24: =IF(H24="Resolved",IF(I24="","",I24-G24),Settings!$B$5-G24) -> 13 | K24: =IF(F24="Yes",Settings!$B$19,Settings!$B$20) -> 3 | L24: =IF(AND(H24<>"Resolved",N(J24)>K24),"Delayed","") -> Delayed
A25: MI-021 | B25: Site C – Informal Tent Area | D25: Latrine | E25: Blocked latrine | F25: No | G25: 46040 | H25: In progress | J25: =IF(H25="Resolved",IF(I25="","",I25-G25),Settings!$B$5-G25) -> 13 | K25: =IF(F25="Yes",Settings!$B$19,Settings!$B$20) -> 14 | L25: =IF(AND(H25<>"Resolved",N(J25)>K25),"Delayed","")
A26: MI-022 | B26: Site B – School Shelter | D26: Water point | E26: Water tank outlet damaged | F26: No | G26: 46040 | H26: Resolved | I26: 46044 | J26: =IF(H26="Resolved",IF(I26="","",I26-G26),Settings!$B$5-G26) -> 4 | K26: =IF(F26="Yes",Settings!$B$19,Settings!$B$20) -> 14 | L26: =IF(AND(H26<>"Resolved",N(J26)>K26),"Delayed","")
A27: MI-023 | B27: Site D – Collective Centre | D27: Latrine | E27: Broken lock on women’s latrine door | F27: Yes | G27: 46045 | H27: Resolved | I27: 46049 | J27: =IF(H27="Resolved",IF(I27="","",I27-G27),Settings!$B$5-G27) -> 4 | K27: =IF(F27="Yes",Settings!$B$19,Settings!$B$20) -> 3 | L27: =IF(AND(H27<>"Resolved",N(J27)>K27),"Delayed","")
A28: MI-024 | B28: Site A – School Shelter | D28: Latrine | E28: Broken lock on women’s latrine door | F28: Yes | G28: 46045 | H28: Open | J28: =IF(H28="Resolved",IF(I28="","",I28-G28),Settings!$B$5-G28) -> 8 | K28: =IF(F28="Yes",Settings!$B$19,Settings!$B$20) -> 3 | L28: =IF(AND(H28<>"Resolved",N(J28)>K28),"Delayed","") -> Delayed
A29: MI-025 | B29: Site C – Informal Tent Area | D29: Drainage | E29: Standing water between shelters after rain | F29: No | G29: 46046 | H29: Open | J29: =IF(H29="Resolved",IF(I29="","",I29-G29),Settings!$B$5-G29) -> 7 | K29: =IF(F29="Yes",Settings!$B$19,Settings!$B$20) -> 14 | L29: =IF(AND(H29<>"Resolved",N(J29)>K29),"Delayed","")
A30: MI-026 | B30: Site C – Informal Tent Area | D30: Latrine | E30: Broken lock on women’s latrine door | F30: Yes | G30: 46048 | H30: In progress | J30: =IF(H30="Resolved",IF(I30="","",I30-G30),Settings!$B$5-G30) -> 5 | K30: =IF(F30="Yes",Settings!$B$19,Settings!$B$20) -> 3 | L30: =IF(AND(H30<>"Resolved",N(J30)>K30),"Delayed","") -> Delayed
A31: MI-027 | B31: Site A – School Shelter | D31: Latrine | E31: Broken lock on women’s latrine door | F31: Yes | G31: 46048 | H31: Resolved | I31: 46053 | J31: =IF(H31="Resolved",IF(I31="","",I31-G31),Settings!$B$5-G31) -> 5 | K31: =IF(F31="Yes",Settings!$B$19,Settings!$B$20) -> 3 | L31: =IF(AND(H31<>"Resolved",N(J31)>K31),"Delayed","")
A32: MI-028 | B32: Site B – School Shelter | D32: Electrical | E32: Exposed wiring near shelter | F32: Yes | G32: 46049 | H32: In progress | J32: =IF(H32="Resolved",IF(I32="","",I32-G32),Settings!$B$5-G32) -> 4 | K32: =IF(F32="Yes",Settings!$B$19,Settings!$B$20) -> 3 | L32: =IF(AND(H32<>"Resolved",N(J32)>K32),"Delayed","") -> Delayed
A33: MI-029 | B33: Site C – Informal Tent Area | D33: Lighting | E33: Broken light in corridor | F33: Yes | G33: 46049 | H33: In progress | J33: =IF(H33="Resolved",IF(I33="","",I33-G33),Settings!$B$5-G33) -> 4 | K33: =IF(F33="Yes",Settings!$B$19,Settings!$B$20) -> 3 | L33: =IF(AND(H33<>"Resolved",N(J33)>K33),"Delayed","") -> Delayed
A34: MI-030 | B34: Site D – Collective Centre | C34: HH-111 | D34: Shelter | E34: Leaking roof in collective room | F34: No | G34: 46050 | H34: Resolved | I34: 46053 | J34: =IF(H34="Resolved",IF(I34="","",I34-G34),Settings!$B$5-G34) -> 3 | K34: =IF(F34="Yes",Settings!$B$19,Settings!$B$20) -> 14 | L34: =IF(AND(H34<>"Resolved",N(J34)>K34),"Delayed","")
A35: MI-031 | B35: Site C – Informal Tent Area | D35: Drainage | E35: Blocked drainage channel | F35: No | G35: 46050 | H35: Open | J35: =IF(H35="Resolved",IF(I35="","",I35-G35),Settings!$B$5-G35) -> 3 | K35: =IF(F35="Yes",Settings!$B$19,Settings!$B$20) -> 14 | L35: =IF(AND(H35<>"Resolved",N(J35)>K35),"Delayed","")
A36: MI-032 | B36: Site B – School Shelter | D36: Electrical | E36: Exposed wiring near shelter | F36: Yes | G36: 46051 | H36: Open | J36: =IF(H36="Resolved",IF(I36="","",I36-G36),Settings!$B$5-G36) -> 2 | K36: =IF(F36="Yes",Settings!$B$19,Settings!$B$20) -> 3 | L36: =IF(AND(H36<>"Resolved",N(J36)>K36),"Delayed","")
A37: MI-033 | B37: Site B – School Shelter | D37: Latrine | E37: Broken lock on women’s latrine door | F37: Yes | G37: 46051 | H37: Resolved | I37: 46053 | J37: =IF(H37="Resolved",IF(I37="","",I37-G37),Settings!$B$5-G37) -> 2 | K37: =IF(F37="Yes",Settings!$B$19,Settings!$B$20) -> 3 | L37: =IF(AND(H37<>"Resolved",N(J37)>K37),"Delayed","")
A38: MI-034 | B38: Site D – Collective Centre | D38: Water point | E38: Water tank outlet damaged | F38: No | G38: 46052 | H38: In progress | J38: =IF(H38="Resolved",IF(I38="","",I38-G38),Settings!$B$5-G38) -> 1 | K38: =IF(F38="Yes",Settings!$B$19,Settings!$B$20) -> 14 | L38: =IF(AND(H38<>"Resolved",N(J38)>K38),"Delayed","")
A39: MI-035 | B39: Site D – Collective Centre | D39: Lighting | E39: No lighting on path to latrines | F39: Yes | G39: 46052 | H39: In progress | J39: =IF(H39="Resolved",IF(I39="","",I39-G39),Settings!$B$5-G39) -> 1 | K39: =IF(F39="Yes",Settings!$B$19,Settings!$B$20) -> 3 | L39: =IF(AND(H39<>"Resolved",N(J39)>K39),"Delayed","")
A40: MI-036 | B40: Site A – School Shelter | D40: Lighting | E40: Broken light in corridor | F40: Yes | G40: 46052 | H40: Resolved | I40: 46053 | J40: =IF(H40="Resolved",IF(I40="","",I40-G40),Settings!$B$5-G40) -> 1 | K40: =IF(F40="Yes",Settings!$B$19,Settings!$B$20) -> 3 | L40: =IF(AND(H40<>"Resolved",N(J40)>K40),"Delayed","")

Sheet Site_Profile
A1: Site profile and service mapping (synthetic)
A2: Site services compared with indicative Sphere reference values in Settings. Status cells carry a text label.
A4: Site | B4: Site type | C4: Households | D4: Individuals | E4: Functional taps | F4: Functional latrines | G4: Showers | H4: Lighting points | I4: Water supplied (L/day) | J4: Waste collection | K4: Committee members | L4: Women on committee | M4: People per tap | N4: Tap status | O4: People per latrine | P4: Latrine status | Q4: Litres per person per day | R4: Water status | S4: Additional latrines needed | T4: Additional taps needed | U4: Women share of committee | V4: Open maintenance issues | W4: Open safety issues | X4: Committee note
A5: Site A – School Shelter | B5: School shelter | C5: =COUNTIF(Households!$B$5:$B$154,A5) -> 34 | D5: =SUMIF(Households!$B$5:$B$154,A5,Households!$H$5:$H$154) -> 222 | E5: 3 | F5: 9 | G5: 4 | H5: 10 | I5: 3000 | J5: Yes | K5: 7 | L5: 2 | M5: =IF(E5=0,"",D5/E5) -> 74 | N5: =IF(E5=0,"Below reference",IF(M5<=Settings!$B$6,"Meets reference","Below reference")) -> Meets reference | O5: =IF(F5=0,"",D5/F5) -> 24.666667 | P5: =IF(F5=0,"Below reference",IF(O5<=Settings!$B$7,"Meets reference","Below reference")) -> Below reference | Q5: =IF(D5=0,0,I5/D5) -> 13.513514 | R5: =IF(Q5>=Settings!$B$8,"Meets reference","Below reference") -> Below reference | S5: =MAX(0,ROUNDUP(D5/Settings!$B$7,0)-F5) -> 3 | T5: =MAX(0,ROUNDUP(D5/Settings!$B$6,0)-E5) -> 0 | U5: =IF(K5=0,0,L5/K5) -> 0.28571429 | V5: =COUNTIFS(Maintenance_Log!$B$5:$B$40,A5,Maintenance_Log!$H$5:$H$40,"<>Resolved") -> 5 | W5: =COUNTIFS(Maintenance_Log!$B$5:$B$40,A5,Maintenance_Log!$H$5:$H$40,"<>Resolved",Maintenance_Log!$F$5:$F$40,"Yes") -> 1 | X5: =IF(K5=0,"No committee – support formation",IF(U5<0.5,"Women under-represented","")) -> Women under-represented
A6: Site B – School Shelter | B6: School shelter | C6: =COUNTIF(Households!$B$5:$B$154,A6) -> 30 | D6: =SUMIF(Households!$B$5:$B$154,A6,Households!$H$5:$H$154) -> 202 | E6: 2 | F6: 12 | G6: 4 | H6: 12 | I6: 3600 | J6: Yes | K6: 6 | L6: 3 | M6: =IF(E6=0,"",D6/E6) -> 101 | N6: =IF(E6=0,"Below reference",IF(M6<=Settings!$B$6,"Meets reference","Below reference")) -> Meets reference | O6: =IF(F6=0,"",D6/F6) -> 16.833333 | P6: =IF(F6=0,"Below reference",IF(O6<=Settings!$B$7,"Meets reference","Below reference")) -> Meets reference | Q6: =IF(D6=0,0,I6/D6) -> 17.821782 | R6: =IF(Q6>=Settings!$B$8,"Meets reference","Below reference") -> Meets reference | S6: =MAX(0,ROUNDUP(D6/Settings!$B$7,0)-F6) -> 0 | T6: =MAX(0,ROUNDUP(D6/Settings!$B$6,0)-E6) -> 0 | U6: =IF(K6=0,0,L6/K6) -> 0.5 | V6: =COUNTIFS(Maintenance_Log!$B$5:$B$40,A6,Maintenance_Log!$H$5:$H$40,"<>Resolved") -> 2 | W6: =COUNTIFS(Maintenance_Log!$B$5:$B$40,A6,Maintenance_Log!$H$5:$H$40,"<>Resolved",Maintenance_Log!$F$5:$F$40,"Yes") -> 2 | X6: =IF(K6=0,"No committee – support formation",IF(U6<0.5,"Women under-represented",""))
A7: Site C – Informal Tent Area | B7: Informal tent area | C7: =COUNTIF(Households!$B$5:$B$154,A7) -> 36 | D7: =SUMIF(Households!$B$5:$B$154,A7,Households!$H$5:$H$154) -> 258 | E7: 1 | F7: 6 | G7: 2 | H7: 3 | I7: 2000 | J7: No | K7: 0 | L7: 0 | M7: =IF(E7=0,"",D7/E7) -> 258 | N7: =IF(E7=0,"Below reference",IF(M7<=Settings!$B$6,"Meets reference","Below reference")) -> Below reference | O7: =IF(F7=0,"",D7/F7) -> 43 | P7: =IF(F7=0,"Below reference",IF(O7<=Settings!$B$7,"Meets reference","Below reference")) -> Below reference | Q7: =IF(D7=0,0,I7/D7) -> 7.751938 | R7: =IF(Q7>=Settings!$B$8,"Meets reference","Below reference") -> Below reference | S7: =MAX(0,ROUNDUP(D7/Settings!$B$7,0)-F7) -> 7 | T7: =MAX(0,ROUNDUP(D7/Settings!$B$6,0)-E7) -> 1 | U7: =IF(K7=0,0,L7/K7) -> 0 | V7: =COUNTIFS(Maintenance_Log!$B$5:$B$40,A7,Maintenance_Log!$H$5:$H$40,"<>Resolved") -> 10 | W7: =COUNTIFS(Maintenance_Log!$B$5:$B$40,A7,Maintenance_Log!$H$5:$H$40,"<>Resolved",Maintenance_Log!$F$5:$F$40,"Yes") -> 3 | X7: =IF(K7=0,"No committee – support formation",IF(U7<0.5,"Women under-represented","")) -> No committee – support formation
A8: Site D – Collective Centre | B8: Collective centre | C8: =COUNTIF(Households!$B$5:$B$154,A8) -> 20 | D8: =SUMIF(Households!$B$5:$B$154,A8,Households!$H$5:$H$154) -> 116 | E8: 2 | F8: 5 | G8: 3 | H8: 8 | I8: 2400 | J8: Yes | K8: 5 | L8: 2 | M8: =IF(E8=0,"",D8/E8) -> 58 | N8: =IF(E8=0,"Below reference",IF(M8<=Settings!$B$6,"Meets reference","Below reference")) -> Meets reference | O8: =IF(F8=0,"",D8/F8) -> 23.2 | P8: =IF(F8=0,"Below reference",IF(O8<=Settings!$B$7,"Meets reference","Below reference")) -> Below reference | Q8: =IF(D8=0,0,I8/D8) -> 20.689655 | R8: =IF(Q8>=Settings!$B$8,"Meets reference","Below reference") -> Meets reference | S8: =MAX(0,ROUNDUP(D8/Settings!$B$7,0)-F8) -> 1 | T8: =MAX(0,ROUNDUP(D8/Settings!$B$6,0)-E8) -> 0 | U8: =IF(K8=0,0,L8/K8) -> 0.4 | V8: =COUNTIFS(Maintenance_Log!$B$5:$B$40,A8,Maintenance_Log!$H$5:$H$40,"<>Resolved") -> 3 | W8: =COUNTIFS(Maintenance_Log!$B$5:$B$40,A8,Maintenance_Log!$H$5:$H$40,"<>Resolved",Maintenance_Log!$F$5:$F$40,"Yes") -> 1 | X8: =IF(K8=0,"No committee – support formation",IF(U8<0.5,"Women under-represented","")) -> Women under-represented

Sheet Community_Initiatives
A1: Community-led initiatives tracker (illustrative)
A2: Tracks group proposals, participation, simple budgets, documentation and progress. Selection and approval sit with the responsible officer, not with this tool.
A4: Initiative ID | B4: Site | C4: Community group | D4: Initiative | E4: Members | F4: Women | G4: Youth 18–29 | H4: Persons with disabilities | I4: Women share | J4: Budget (USD, illustrative) | K4: Draft BoQ prepared | L4: Documentation complete | M4: Progress | N4: Status | O4: Next follow-up | P4: Follow-up note
A5: CI-01 | B5: Site A – School Shelter | C5: Site A committee | D5: Clearing drainage around classrooms | E5: 8 | F5: 3 | G5: 3 | H5: 1 | I5: =IF(E5=0,0,F5/E5) -> 0.375 | J5: 450 | K5: Yes | L5: Yes | M5: 0.6 | N5: In progress | O5: 46056 | P5: =IF(AND(L5="No",N5<>"Proposal drafted"),"Complete supporting documentation",IF(K5="No","Draft BoQ for technical review",""))
A6: CI-02 | B6: Site C – Informal Tent Area | C6: Women’s group – Site C | D6: Privacy screens for latrines and bathing area | E6: 10 | F6: 10 | G6: 2 | H6: 1 | I6: =IF(E6=0,0,F6/E6) -> 1 | J6: 600 | K6: Yes | L6: No | M6: 0.3 | N6: In progress | O6: 46055 | P6: =IF(AND(L6="No",N6<>"Proposal drafted"),"Complete supporting documentation",IF(K6="No","Draft BoQ for technical review","")) -> Complete supporting documentation
A7: CI-03 | B7: Site C – Informal Tent Area | C7: Youth group – Site C | D7: Solar lights on the path to latrines | E7: 7 | F7: 2 | G7: 6 | H7: 0 | I7: =IF(E7=0,0,F7/E7) -> 0.28571429 | J7: 800 | K7: Yes | L7: Yes | M7: 0.1 | N7: Under review | O7: 46058 | P7: =IF(AND(L7="No",N7<>"Proposal drafted"),"Complete supporting documentation",IF(K7="No","Draft BoQ for technical review",""))
A8: CI-04 | B8: Site B – School Shelter | C8: Site B committee | D8: Covered waste collection points | E8: 6 | F8: 3 | G8: 2 | H8: 0 | I8: =IF(E8=0,0,F8/E8) -> 0.5 | J8: 350 | K8: Yes | L8: Yes | M8: 1 | N8: Completed | O8: 46063 | P8: =IF(AND(L8="No",N8<>"Proposal drafted"),"Complete supporting documentation",IF(K8="No","Draft BoQ for technical review",""))
A9: CI-05 | B9: Site D – Collective Centre | C9: Older persons’ group – Site D | D9: Shaded seating area | E9: 6 | F9: 3 | G9: 0 | H9: 2 | I9: =IF(E9=0,0,F9/E9) -> 0.5 | J9: 400 | K9: No | L9: No | M9: 0 | N9: Proposal drafted | O9: 46057 | P9: =IF(AND(L9="No",N9<>"Proposal drafted"),"Complete supporting documentation",IF(K9="No","Draft BoQ for technical review","")) -> Draft BoQ for technical review
A10: CI-06 | B10: Site A – School Shelter | C10: Parents’ group – Site A | D10: Child-friendly learning corner | E10: 9 | F10: 6 | G10: 2 | H10: 1 | I10: =IF(E10=0,0,F10/E10) -> 0.66666667 | J10: 500 | K10: Yes | L10: No | M10: 0.4 | N10: In progress | O10: 46054 | P10: =IF(AND(L10="No",N10<>"Proposal drafted"),"Complete supporting documentation",IF(K10="No","Draft BoQ for technical review","")) -> Complete supporting documentation

Sheet BoQ_Draft
A1: Draft quantities for technical review (illustrative)
A2: Quantities come from unmet needs and site service gaps. Unit costs are placeholders. For review by the responsible officer and the technical team only.
A4: Item | B4: Unit | C4: Gap quantity | D4: Contingency | E4: Quantity for review | F4: Unit cost (USD, illustrative) | G4: Estimated cost (USD) | H4: Basis
A5: Blankets | B5: pcs | C5: =SUM(Needs_Gaps!$F$5:$F$154) -> 571 | D5: =Settings!$B$34 -> 0.05 | E5: =ROUNDUP(C5*(1+D5),0) -> 600 | F5: =Settings!$B$37 -> 12 | G5: =E5*F5 -> 7200 | H5: Sum of unmet need across all households (Needs_Gaps).
A6: Mattresses | B6: pcs | C6: =SUM(Needs_Gaps!$I$5:$I$154) -> 265 | D6: =Settings!$B$34 -> 0.05 | E6: =ROUNDUP(C6*(1+D6),0) -> 279 | F6: =Settings!$B$38 -> 18 | G6: =E6*F6 -> 5022 | H6: Sum of unmet need across all households (Needs_Gaps).
A7: Tarpaulins | B7: sheets | C7: =SUM(Needs_Gaps!$L$5:$L$154) -> 21 | D7: =Settings!$B$34 -> 0.05 | E7: =ROUNDUP(C7*(1+D7),0) -> 23 | F7: =Settings!$B$39 -> 25 | G7: =E7*F7 -> 575 | H7: Sum of unmet need across all households (Needs_Gaps).
A8: Tent replacement | B8: tents | C8: =SUM(Needs_Gaps!$O$5:$O$154) -> 9 | D8: =Settings!$B$34 -> 0.05 | E8: =ROUNDUP(C8*(1+D8),0) -> 10 | F8: =Settings!$B$40 -> 180 | G8: =E8*F8 -> 1800 | H8: Sum of unmet need across all households (Needs_Gaps).
A9: Shelter repair kits | B9: kits | C9: =SUM(Needs_Gaps!$R$5:$R$154) -> 17 | D9: =Settings!$B$34 -> 0.05 | E9: =ROUNDUP(C9*(1+D9),0) -> 18 | F9: =Settings!$B$41 -> 20 | G9: =E9*F9 -> 360 | H9: Sum of unmet need across all households (Needs_Gaps).
A10: Winter clothing – children | B10: sets | C10: =SUM(Needs_Gaps!$U$5:$U$154) -> 198 | D10: =Settings!$B$34 -> 0.05 | E10: =ROUNDUP(C10*(1+D10),0) -> 208 | F10: =Settings!$B$42 -> 15 | G10: =E10*F10 -> 3120 | H10: Sum of unmet need across all households (Needs_Gaps).
A11: Winter clothing – adults | B11: sets | C11: =SUM(Needs_Gaps!$X$5:$X$154) -> 101 | D11: =Settings!$B$34 -> 0.05 | E11: =ROUNDUP(C11*(1+D11),0) -> 107 | F11: =Settings!$B$43 -> 20 | G11: =E11*F11 -> 2140 | H11: Sum of unmet need across all households (Needs_Gaps).
A12: Diapers | B12: packs/month | C12: =SUM(Needs_Gaps!$AA$5:$AA$154) -> 182 | D12: =Settings!$B$34 -> 0.05 | E12: =ROUNDUP(C12*(1+D12),0) -> 192 | F12: =Settings!$B$44 -> 9 | G12: =E12*F12 -> 1728 | H12: Sum of unmet need across all households (Needs_Gaps).
A13: Family hygiene kits | B13: kits/month | C13: =SUM(Needs_Gaps!$AD$5:$AD$154) -> 43 | D13: =Settings!$B$34 -> 0.05 | E13: =ROUNDUP(C13*(1+D13),0) -> 46 | F13: =Settings!$B$45 -> 22 | G13: =E13*F13 -> 1012 | H13: Sum of unmet need across all households (Needs_Gaps).
A14: Menstrual hygiene kits | B14: kits/month | C14: =SUM(Needs_Gaps!$AG$5:$AG$154) -> 161 | D14: =Settings!$B$34 -> 0.05 | E14: =ROUNDUP(C14*(1+D14),0) -> 170 | F14: =Settings!$B$46 -> 8 | G14: =E14*F14 -> 1360 | H14: Sum of unmet need across all households (Needs_Gaps).
A15: Additional latrine | B15: units | C15: =SUM(Site_Profile!$S$5:$S$8) -> 11 | D15: 0 | E15: =ROUNDUP(C15*(1+D15),0) -> 11 | F15: =Settings!$B$47 -> 450 | G15: =E15*F15 -> 4950 | H15: Sites below the people-per-latrine reference (Site_Profile).
A16: Additional tap stand | B16: units | C16: =SUM(Site_Profile!$T$5:$T$8) -> 1 | D16: 0 | E16: =ROUNDUP(C16*(1+D16),0) -> 1 | F16: =Settings!$B$48 -> 250 | G16: =E16*F16 -> 250 | H16: Sites below the people-per-tap reference (Site_Profile).
A17: Total (illustrative) | G17: =SUM(G5:G16) -> 29517
A19: Infant formula is not included: infant-feeding difficulties are referred to a nutrition / IYCF partner, who decides after assessment (see Referrals).

Sheet Kobo_Import
A1: start | B1: end | C1: today | D1: enumerator_code | E1: site | F1: site_group | G1: visit_type | H1: consent | I1: hh_code | J1: shelter_type | K1: shelter_condition | L1: hh_size | M1: female_headed | N1: children_u2 | O1: children_2_17 | P1: adults_18_59 | Q1: older_60plus | R1: women_12_49 | S1: pregnant_lactating | T1: pwd_count | U1: blankets_owned | V1: mattresses_owned | W1: children_no_winter_clothes | X1: adults_no_winter_clothes | Y1: infant_feeding_concern | Z1: _id | AA1: _uuid | AB1: _submission_time | AC1: _validation_status | AD1: _notes | AE1: _status | AF1: _submitted_by | AG1: __version__ | AH1: _tags | AI1: _index
A2: 2025-12-15T08:23:22.000+02:00 | B2: 2025-12-15T08:42:08.000+02:00 | C2: 2025-12-15 | D2: EN-03 | E2: site_b | F2: school | G2: registration | H2: yes | I2: HH-037 | J2: classroom | K2: adequate | L2: 9 | M2: no | N2: 0 | O2: 6 | P2: 2 | Q2: 1 | R2: 2 | S2: 0 | T2: 0 | U2: 15 | V2: 1 | W2: 1 | X2: 0 | Z2: 418250008 | AA2: 69d2c68e-d6db-4808-bc75-b88b26a0849b | AB2: 2025-12-15T08:54:08 | AE2: submitted_via_web | AG2: vRk8pQ2xLmT9wYc4Hs6Nb3 | AI2: 1
A3: 2025-12-15T11:55:41.000+02:00 | B3: 2025-12-15T12:19:49.000+02:00 | C3: 2025-12-15 | D3: EN-01 | E3: site_a | F3: school | G3: registration | H3: yes | I3: HH-032 | J3: classroom | K3: adequate | L3: 3 | M3: no | N3: 0 | O3: 0 | P3: 2 | Q3: 1 | R3: 1 | S3: 0 | T3: 1 | U3: 4 | V3: 1 | X3: 0 | Z3: 418250017 | AA3: bea54454-128c-4700-a7ee-dd66a23b4b32 | AB3: 2025-12-15T12:25:49 | AE3: submitted_via_web | AG3: vRk8pQ2xLmT9wYc4Hs6Nb3 | AI3: 2
A4: 2025-12-15T11:44:46.000+02:00 | B4: 2025-12-15T11:59:46.000+02:00 | C4: 2025-12-15 | D4: EN-03 | E4: site_b | F4: school | G4: registration | H4: yes | I4: HH-035 | J4: classroom | K4: adequate | L4: 7 | M4: yes | N4: 0 | O4: 3 | P4: 2 | Q4: 2 | R4: 2 | S4: 0 | T4: 0 | U4: 0 | V4: 0 | W4: 0 | X4: 2 | Z4: 418250023 | AA4: b447bdcf-6942-4720-912d-a9b643bbb5bd | AB4: 2025-12-15T14:59:46 | AE4: submitted_via_web | AG4: vRk8pQ2xLmT9wYc4Hs6Nb3 | AI4: 3
A5: 2025-12-16T14:20:37.000+02:00 | B5: 2025-12-16T14:36:46.000+02:00 | C5: 2025-12-16 | D5: EN-02 | E5: site_a | F5: school | G5: registration | H5: yes | I5: HH-008 | J5: classroom | K5: adequate | L5: 6 | M5: no | N5: 1 | O5: 3 | P5: 2 | Q5: 0 | R5: 1 | S5: 1 | T5: 0 | U5: 4 | V5: 3 | W5: 4 | X5: 2 | Y5: yes | Z5: 418250030 | AA5: 2c76e925-3eae-4972-8360-c62e38bd8a5d | AB5: 2025-12-16T14:45:46 | AE5: submitted_via_web | AG5: vRk8pQ2xLmT9wYc4Hs6Nb3 | AI5: 4
A6: 2025-12-16T14:43:22.000+02:00 | B6: 2025-12-16T14:52:36.000+02:00 | C6: 2025-12-16 | D6: EN-01 | E6: site_a | F6: school | G6: registration | H6: yes | I6: HH-029 | J6: classroom | K6: damaged | L6: 10 | M6: no | N6: 1 | O6: 7 | P6: 2 | Q6: 0 | R6: 1 | S6: 1 | T6: 1 | U6: 11 | V6: 8 | W6: 7 | X6: 2 | Y6: yes | Z6: 418250038 | AA6: 76ecf1db-17b0-4690-ae78-fda043178a05 | AB6: 2025-12-16T15:04:36 | AE6: submitted_via_web | AG6: vRk8pQ2xLmT9wYc4Hs6Nb3 | AI6: 5
A7: 2025-12-17T14:36:21.000+02:00 | B7: 2025-12-17T14:47:52.000+02:00 | C7: 2025-12-17 | D7: EN-04 | E7: site_c | F7: tent | G7: registration | H7: yes | I7: HH-081 | J7: tent | K7: unusable | L7: 7 | M7: no | N7: 0 | O7: 4 | P7: 3 | Q7: 0 | R7: 2 | S7: 0 | T7: 2 | U7: 11 | V7: 6 | W7: 1 | X7: 3 | Z7: 418250046 | AA7: 55337527-cdba-48da-ab79-0978d6aed343 | AB7: 2025-12-17T15:02:52 | AE7: submitted_via_web | AG7: vRk8pQ2xLmT9wYc4Hs6Nb3 | AI7: 6
A8: 2025-12-18T09:32:39.000+02:00 | B8: 2025-12-18T09:54:39.000+02:00 | C8: 2025-12-18 | D8: EN-03 | E8: site_b | F8: school | G8: registration | H8: yes | I8: HH-044 | J8: classroom | K8: adequate | L8: 8 | M8: no | N8: 0 | O8: 5 | P8: 3 | Q8: 0 | R8: 2 | S8: 0 | T8: 1 | U8: 11 | V8: 1 | W8: 3 | X8: 2 | Z8: 418250054 | AA8: 4208dabe-9a79-4d3c-b5d4-8140788727c3 | AB8: 2025-12-18T09:57:39 | AE8: submitted_via_web | AG8: vRk8pQ2xLmT9wYc4Hs6Nb3 | AI8: 7
A9: 2025-12-18T09:44:47.000+02:00 | B9: 2025-12-18T09:59:28.000+02:00 | C9: 2025-12-18 | D9: EN-04 | E9: site_c | F9: tent | G9: registration | H9: yes | I9: HH-065 | J9: tent | K9: damaged | L9: 8 | M9: no | N9: 0 | O9: 6 | P9: 2 | Q9: 0 | R9: 1 | S9: 0 | T9: 0 | U9: 8 | V9: 8 | W9: 1 | X9: 1 | Z9: 418250061 | AA9: ac186c21-5e8b-41d9-9b97-d2eba3c0702b | AB9: 2025-12-18T10:16:28 | AE9: submitted_via_web | AG9: vRk8pQ2xLmT9wYc4Hs6Nb3 | AI9: 8
A10: 2025-12-18T11:30:06.000+02:00 | B10: 2025-12-18T11:39:59.000+02:00 | C10: 2025-12-18 | D10: EN-02 | E10: site_a | F10: school | G10: registration | H10: yes | I10: HH-005 | J10: classroom | K10: adequate | L10: 6 | M10: no | N10: 0 | O10: 4 | P10: 2 | Q10: 0 | R10: 1 | S10: 0 | T10: 0 | U10: 8 | V10: 4 | W10: 2 | X10: 1 | Z10: 418250067 | AA10: 40cd9942-a66f-48ef-9f8b-6fe05cbf754c | AB10: 2025-12-18T12:03:59 | AE10: submitted_via_web | AG10: vRk8pQ2xLmT9wYc4Hs6Nb3 | AI10: 9
A11: 2025-12-19T09:24:15.000+02:00 | B11: 2025-12-19T09:40:57.000+02:00 | C11: 2025-12-19 | D11: EN-01 | E11: site_a | F11: school | G11: registration | H11: yes | I11: HH-011 | J11: classroom | K11: adequate | L11: 9 | M11: no | N11: 0 | O11: 7 | P11: 2 | Q11: 0 | R11: 1 | S11: 1 | T11: 1 | U11: 2 | V11: 0 | W11: 2 | X11: 2 | Z11: 418250075 | AA11: 04ee8be3-2ded-41d9-975c-817a96b71cd4 | AB11: 2025-12-19T10:04:57 | AE11: submitted_via_web | AG11: vRk8pQ2xLmT9wYc4Hs6Nb3 | AI11: 10
A12: 2025-12-19T10:52:44.000+02:00 | B12: 2025-12-19T11:08:15.000+02:00 | C12: 2025-12-19 | D12: EN-05 | E12: site_c | F12: tent | G12: registration | H12: yes | I12: HH-079 | J12: makeshift | K12: adequate | L12: 6 | M12: no | N12: 0 | O12: 4 | P12: 2 | Q12: 0 | R12: 2 | S12: 0 | T12: 1 | U12: 4 | V12: 3 | W12: 1 | X12: 1 | Z12: 418250080 | AA12: 2f64f04f-f177-475e-a63d-1ca43623d873 | AB12: 2025-12-19T14:08:15 | AE12: submitted_via_web | AG12: vRk8pQ2xLmT9wYc4Hs6Nb3 | AI12: 11
A13: 2025-12-20T08:25:31.000+02:00 | B13: 2025-12-20T08:42:40.000+02:00 | C13: 2025-12-20 | D13: EN-04 | E13: site_c | F13: tent | G13: registration | H13: yes | I13: HH-070 | J13: makeshift | K13: unusable | L13: 5 | M13: no | N13: 1 | O13: 2 | P13: 2 | Q13: 0 | R13: 1 | S13: 1 | T13: 1 | U13: 5 | V13: 3 | W13: 0 | X13: 1 | Y13: no | Z13: 418250084 | AA13: 78557622-dac8-4f03-9666-99861d9e7060 | AB13: 2025-12-20T09:08:40 | AE13: submitted_via_web | AG13: vRk8pQ2xLmT9wYc4Hs6Nb3 | AI13: 12
A14: 2025-12-20T10:54:24.000+02:00 | B14: 2025-12-20T11:16:34.000+02:00 | C14: 2025-12-20 | D14: EN-04 | E14: site_c | F14: tent | G14: registration | H14: yes | I14: HH-098 | J14: tent | K14: adequate | L14: 11 | M14: yes | N14: 1 | O14: 8 | P14: 1 | Q14: 1 | R14: 2 | S14: 0 | T14: 0 | U14: 17 | V14: 5 | W14: 4 | X14: 1 | Y14: yes | Z14: 418250093 | AA14: ff4c1602-48f9-42d2-ada5-5ee2f7a004d0 | AB14: 2025-12-20T11:31:34 | AE14: submitted_via_web | AG14: vRk8pQ2xLmT9wYc4Hs6Nb3 | AI14: 13
A15: 2025-12-20T12:32:13.000+02:00 | B15: 2025-12-20T12:54:13.000+02:00 | C15: 2025-12-20 | D15: EN-03 | E15: site_b | F15: school | G15: registration | H15: yes | I15: HH-049 | J15: classroom | K15: adequate | L15: 3 | M15: no | N15: 1 | O15: 0 | P15: 2 | Q15: 0 | R15: 1 | S15: 1 | T15: 0 | U15: 1 | V15: 3 | W15: 1 | X15: 1 | Y15: no | Z15: 418250101 | AA15: 6f3d646c-c218-46a0-bf4d-4b8d4bb33531 | AB15: 2025-12-20T13:14:13 | AE15: submitted_via_web | AG15: vRk8pQ2xLmT9wYc4Hs6Nb3 | AI15: 14
A16: 2025-12-20T14:24:14.000+02:00 | B16: 2025-12-20T14:41:58.000+02:00 | C16: 2025-12-20 | D16: EN-06 | E16: site_d | F16: collective | G16: registration | H16: yes | I16: HH-111 | J16: collective_room | K16: adequate | L16: 7 | M16: no | N16: 1 | O16: 2 | P16: 3 | Q16: 1 | R16: 2 | S16: 1 | T16: 0 | U16: 1 | V16: 5 | W16: 2 | X16: 2 | Y16: no | Z16: 418250109 | AA16: 8bcffc88-dfc3-48e5-bf54-df711b2ea76b | AB16: 2025-12-20T14:51:58 | AE16: submitted_via_web | AG16: vRk8pQ2xLmT9wYc4Hs6Nb3 | AI16: 15
A17: 2025-12-21T11:55:20.000+02:00 | B17: 2025-12-21T12:16:14.000+02:00 | C17: 2025-12-21 | D17: EN-01 | E17: site_a | F17: school | G17: registration | H17: yes | I17: HH-020 | J17: classroom | K17: adequate | L17: 6 | M17: no | N17: 2 | O17: 2 | P17: 2 | Q17: 0 | R17: 1 | S17: 1 | T17: 1 | U17: 5 | V17: 6 | W17: 1 | X17: 0 | Y17: no | Z17: 418250113 | AA17: 901d3c50-12e2-4c0f-a383-a7969b31e69f | AB17: 2025-12-21T12:17:14 | AE17: submitted_via_web | AG17: vRk8pQ2xLmT9wYc4Hs6Nb3 | AI17: 16
A18: 2025-12-21T10:27:10.000+02:00 | B18: 2025-12-21T10:44:10.000+02:00 | C18: 2025-12-21 | D18: EN-03 | E18: site_b | F18: school | G18: registration | H18: yes | I18: HH-038 | J18: classroom | K18: adequate | L18: 4 | M18: no | N18: 2 | O18: 0 | P18: 2 | Q18: 0 | R18: 1 | S18: 0 | T18: 1 | U18: 1 | V18: 3 | W18: 1 | X18: 0 | Y18: yes | Z18: 418250121 | AA18: e4ede6eb-035e-4a62-b9cb-fd6de8e47ee4 | AB18: 2025-12-21T16:44:10 | AE18: submitted_via_web | AG18: vRk8pQ2xLmT9wYc4Hs6Nb3 | AI18: 17
A19: 2025-12-22T09:26:55.000+02:00 | B19: 2025-12-22T09:44:58.000+02:00 | C19: 2025-12-22 | D19: EN-03 | E19: site_b | F19: school | G19: registration | H19: yes | I19: HH-058 | J19: classroom | K19: adequate | L19: 10 | M19: no | N19: 1 | O19: 7 | P19: 2 | Q19: 0 | R19: 2 | S19: 1 | T19: 1 | U19: 16 | V19: 6 | W19: 6 | X19: 2 | Y19: no | Z19: 418250129 | AA19: 57eab8bf-5b0d-4c9c-bdae-425e1bd24c46 | AB19: 2025-12-22T09:57:58 | AE19: submitted_via_web | AG19: vRk8pQ2xLmT9wYc4Hs6Nb3 | AI19: 18
A20: 2025-12-22T11:45:44.000+02:00 | B20: 2025-12-22T12:02:25.000+02:00 | C20: 2025-12-22 | D20: EN-03 | E20: site_b | F20: school | G20: registration | H20: yes | I20: HH-054 | J20: classroom | K20: adequate | L20: 3 | M20: no | N20: 1 | O20: 0 | P20: 2 | Q20: 0 | R20: 1 | S20: 0 | T20: 0 | U20: 3 | V20: 2 | W20: 0 | X20: 2 | Y20: no | Z20: 418250135 | AA20: 40c1c30e-af6e-4be2-83fc-995b3f0877d5 | AB20: 2025-12-22T12:23:25 | AE20: submitted_via_web | AG20: vRk8pQ2xLmT9wYc4Hs6Nb3 | AI20: 19
A21: 2025-12-23T12:57:04.000+02:00 | B21: 2025-12-23T13:07:47.000+02:00 | C21: 2025-12-23 | D21: EN-04 | E21: site_c | F21: tent | G21: registration | H21: yes | I21: HH-074 | J21: tent | K21: damaged | L21: 7 | M21: yes | N21: 1 | O21: 5 | P21: 1 | Q21: 0 | R21: 2 | S21: 1 | T21: 0 | U21: 6 | V21: 6 | W21: 3 | X21: 0 | Y21: no | Z21: 418250145 | AA21: 0702cfb2-bab0-4c96-b438-2840ebdab9cd | AB21: 2025-12-23T13:20:47 | AE21: submitted_via_web | AG21: vRk8pQ2xLmT9wYc4Hs6Nb3 | AI21: 20
A22: 2025-12-23T08:00:51.000+02:00 | B22: 2025-12-23T08:18:45.000+02:00 | C22: 2025-12-23 | D22: EN-03 | E22: site_b | F22: school | G22: registration | H22: yes | I22: HH-063 | J22: classroom | K22: adequate | L22: 3 | M22: no | N22: 1 | O22: 0 | P22: 2 | Q22: 0 | R22: 1 | S22: 1 | T22: 1 | U22: 0 | V22: 1 | W22: 1 | X22: 0 | Y22: no | Z22: 418250152 | AA22: fa77a598-f0e7-4caf-bed9-a3e3d12ae8bd | AB22: 2025-12-24T04:18:45 | AE22: submitted_via_web | AG22: vRk8pQ2xLmT9wYc4Hs6Nb3 | AI22: 21
